curriculum_id,unit_id,lesson_id,label,url,resource_type,display_order
act1,unit-1,lesson-1,Lesson Plan,https://docs.google.com/document/d/1G2MKR06pxS1ETJraQltkY7KpytR3Nr3440HF6shQhuM/edit?usp=sharing,Lesson Resource,1
act1,unit-1,lesson-1,Slide Deck,https://docs.google.com/presentation/d/1va2h1M0pIKkjWVbmlQ9ZLdBay2rQl2grUxuquLXva70/edit?usp=sharing,Lesson Resource,2
act1,unit-1,lesson-1,Student Workbook,https://docs.google.com/presentation/d/1rW-AuD3VYwSSyEppVapukPuGzE5dHxwlPxQwWrwfyLg/edit?usp=sharing,Lesson Resource,3
act1,unit-1,lesson-1,Lesson Resources,https://docs.google.com/document/d/16coj0vt26izgfHbxaoFFBnyuVZeLknmqQ9mjiuIvssw/edit?usp=sharing,Lesson Resource,4
act1,unit-1,lesson-1,Presentación en Español,https://docs.google.com/presentation/d/1-oSEFEG7jjmTdh0iyoyLlzcKjHZm_q7Y/edit?usp=sharing&ouid=104000786456689036858&rtpof=true&sd=true,Lesson Resource,5
act1,unit-2,__unit__,Unit 1 PD,https://www.proprofs.com/training/course/?title=copy-of-act-1-unit-pd_687174ccb0524,Unit Resource,1
act1,unit-2,__unit__,Unit Overview,https://docs.google.com/document/d/1Rw0QUHrfTudzKNfn4esN8XX7bEkrFkHP8c1iOR26m1E/edit?usp=sharing,Unit Resource,2
act1,unit-2,lesson-1,Lesson Plan,https://docs.google.com/document/d/1RxSzwyjj1Lx2XjGqXABtVqvqlSZAsCCnaaQT1Ki6cnI/edit?usp=sharing,Lesson Resource,1
act1,unit-2,lesson-1,Slide Deck,https://docs.google.com/presentation/d/1-Y4BJWppYpD6ayILUMD4oBTcez_qWn2XHdWwxjsbZvU/edit#slide=id.g74591ea4aa_0_0,Lesson Resource,2
act1,unit-2,lesson-1,Student Workbook,https://docs.google.com/presentation/d/197srEiWdcQP653QTOtVUpxWhAqukoPDkf_h1XLdnTR8/edit?usp=sharing,Lesson Resource,3
act1,unit-2,lesson-1,Lesson Resources,https://docs.google.com/document/d/1MM2kaQJbN4DF8qt0Ty0S2zQe5IXV86xFU4MwZ4xrc2c/edit?usp=sharing,Lesson Resource,4
act1,unit-2,lesson-1,Presentación en Español,https://docs.google.com/presentation/d/1cPIYauUFWXDDMbssyEdUXfZE9mwMg6cN/edit?usp=sharing&ouid=104000786456689036858&rtpof=true&sd=true,Lesson Resource,5
act1,unit-2,lesson-2,Lesson Plan,https://docs.google.com/document/d/1gb-_R2wy6xaQafwgk2qMPJVo4Y_WmsDT1Xnunfk82x4/edit?usp=sharing,Lesson Resource,1
act1,unit-2,lesson-2,Slide Deck,https://docs.google.com/presentation/d/1ajNqsQAiXRzwuHZB4ad9_ETEmeuLoER32wPW6-4QjXk/edit#slide=id.g74591ea4aa_0_0,Lesson Resource,2
act1,unit-2,lesson-2,Student Workbook,https://docs.google.com/presentation/d/1MD5kjWIXhOevSSJgBbub8Ruom5zCeZdrl409bl9F32c/edit?usp=sharing,Lesson Resource,3
act1,unit-2,lesson-2,Lesson Resources,https://drive.google.com/file/d/1G2uL9NC4VY_6c0XoTtGaKWIH0-zXex-A/view?usp=sharing,Lesson Resource,4
act1,unit-2,lesson-2,Presentación en Español,https://docs.google.com/presentation/d/1SNcW49jwaTz4cEwrHV441ZUeq5oVNn8K/edit?usp=sharing&ouid=104000786456689036858&rtpof=true&sd=true,Lesson Resource,5
act1,unit-2,lesson-2,Materiales para Charadas de Scratch,https://drive.google.com/drive/folders/1-0H5awOVGoWS5CxcGgz8-wSg3y_d2ob8?usp=sharing,Lesson Resource,6
act1,unit-2,lesson-3,Lesson Plan,https://docs.google.com/document/d/1GvAze42XWpfNkNc06eJ8O4Z9e7gbEmEfxEBsr7ftEoI/edit?usp=sharing,Lesson Resource,1
act1,unit-2,lesson-3,Slide Deck,https://docs.google.com/presentation/d/1uCmmulCVvXym2qbFAEN3xOBSR-knH3tN2k5jup8uJyU/edit#slide=id.g74591ea4aa_0_0,Lesson Resource,2
act1,unit-2,lesson-3,Student Workbook,https://docs.google.com/presentation/d/10JrBR84F3197uA98aO4q9Ndrk1OiPocw6h94EALFF0c/edit?usp=sharing,Lesson Resource,3
act1,unit-2,lesson-3,Lesson Resources,https://docs.google.com/document/d/1md7I59ndtlrXqcRy7tsbG-F8KOkMIbscUluZaktD93w/edit?usp=sharing,Lesson Resource,4
act1,unit-2,lesson-3,Presentación en Español,https://docs.google.com/presentation/d/1AZm3UA5If33sUtY5LsTkWCZAWQ3gJk8K/edit?usp=sharing&ouid=104000786456689036858&rtpof=true&sd=true,Lesson Resource,5
act1,unit-2,lesson-4,Lesson Plan,https://docs.google.com/document/d/1_VK7nBhKA2eWxH9qb-Xd0RLOOjrj2tNrx9rcS9gBGO4/edit?usp=sharing,Lesson Resource,1
act1,unit-2,lesson-4,Slide Deck,https://docs.google.com/presentation/d/1YpdYdVh7RZ1Qu4bhsq7hnuQPPN4w9JV5iV1sAN0c2ow/edit#slide=id.g74591ea4aa_0_0,Lesson Resource,2
act1,unit-2,lesson-4,Student Workbook,https://docs.google.com/presentation/d/1f8bKHJzEP_c4Qk9EPaSY_CvXcj6N1WfhvVE9X6zb3c0/edit?usp=sharing,Lesson Resource,3
act1,unit-2,lesson-4,Lesson Resources,https://docs.google.com/document/d/1z1P4WZR5Ob130crVD6yuxSwDs04qXO8vnW_bFMf81Uc/edit?usp=sharing,Lesson Resource,4
act1,unit-2,lesson-4,Presentación en Español,https://docs.google.com/presentation/d/1zNnfAJ5JY7hM4qGklfuYlb0P3SAF5Xx5/edit?usp=sharing&ouid=104000786456689036858&rtpof=true&sd=true,Lesson Resource,5
act1,unit-3,__unit__,Unit Overview,https://docs.google.com/document/d/1plwGD67AvAcpasB93fx5zoKJ6Km1TsGZAUbkquLgCbs/edit?usp=sharing,Unit Resource,1
act1,unit-3,lesson-1,Lesson Plan,https://docs.google.com/document/d/1LcXhfga065W-J6vlN5Wbn6ZFhfs0CrsaYJZ24DkJoOY/edit?usp=sharing,Lesson Resource,1
act1,unit-3,lesson-1,Slide Deck,https://docs.google.com/presentation/d/1sk5hmLSJnUflPJq7WsvBeYqG5fCxlfN-_UK8AN4qeh0/edit#slide=id.g74591ea4aa_0_0,Lesson Resource,2
act1,unit-3,lesson-1,Student Workbook,https://docs.google.com/presentation/d/1SQV_R-KKsJE7-_4t--11skaHIqWPlb6Kc2K0kwdpXs0/edit?usp=sharing,Lesson Resource,3
act1,unit-3,lesson-1,Lesson Resources,https://docs.google.com/document/d/15oh8-qKaBEuMlNCDuJjfJRGKl1hUQ9d2ktwm6QC5tek/edit?usp=sharing,Lesson Resource,4
act1,unit-3,lesson-1,Presentación en Español,https://docs.google.com/presentation/d/1voIuH0o0J7259f7yBhxfkNva_J_JMm2i/edit?usp=sharing&ouid=104000786456689036858&rtpof=true&sd=true,Lesson Resource,5
act1,unit-3,lesson-2,Lesson Plan,https://docs.google.com/document/d/1bswlH7wau3_DkwBrOy_ZaI6VOsKPzp3jDdUcIk0vo5M/edit?usp=sharing,Lesson Resource,1
act1,unit-3,lesson-2,Slide Deck,https://docs.google.com/presentation/d/1P2f76gZzgRptGDSsiXIruDgU0heCDBoN5OSONyt-heo/edit#slide=id.g74591ea4aa_0_0,Lesson Resource,2
act1,unit-3,lesson-2,Student Workbook,https://docs.google.com/presentation/d/1APcy4i4SODC2JPDa96sgnaSMyuK5U1XODoGxmN5rBKo/edit?usp=sharing,Lesson Resource,3
act1,unit-3,lesson-2,Lesson Resources,https://docs.google.com/document/d/100g0AD-Fv9FqdVKsMpAcL4CT_SLgeuwgeEWnvOHRlgU/edit?usp=sharing,Lesson Resource,4
act1,unit-3,lesson-2,Presentación en Español,https://docs.google.com/presentation/d/18Kr1Uc7XI51_pxqfWQavQHawzLlPfvqc/edit?usp=sharing&ouid=104000786456689036858&rtpof=true&sd=true,Lesson Resource,5
act1,unit-3,lesson-3,Lesson Plan,https://docs.google.com/document/d/1_YXTxtVCjkZygqmarHq6oZ0ZpzH7eZSsAXoJtKr7DaM/edit?usp=sharing,Lesson Resource,1
act1,unit-3,lesson-3,Slide Deck,https://docs.google.com/presentation/d/1S4VhZEP-8z5YVoAfRhun2CYk2-GLZF2b8FOFrGm-ChI/edit#slide=id.g84b0a02c89_0_0,Lesson Resource,2
act1,unit-3,lesson-3,Student Workbook,https://docs.google.com/presentation/d/1yIeUbhQT3HPoEQ-9gWKP7aTXMHfsUN50p0tK-_q-hjk/edit?usp=sharing,Lesson Resource,3
act1,unit-3,lesson-3,Lesson Resources,https://docs.google.com/document/d/1YxaP4-bCNkywIHMtzjF2gdS_wBkqulDuWs3dNlDf2kQ/edit?usp=sharing,Lesson Resource,4
act1,unit-3,lesson-3,Presentación en Español,https://docs.google.com/presentation/d/1yLU8AGMvMxgkXXW0-zN1fPH1V3v653yl/edit?usp=sharing&ouid=104000786456689036858&rtpof=true&sd=true,Lesson Resource,5
act1,unit-3,lesson-4,Lesson Plan,https://docs.google.com/document/d/1qjH14ZWiGgHHKtUIMx9sgFO015WuWMe7xTGM2C-V7pQ/edit?usp=sharing,Lesson Resource,1
act1,unit-3,lesson-4,Slide Deck,https://docs.google.com/presentation/d/1WBlgRey-wcI0ozIilKQFt22NPk0V1cYUcOn-K4A0sqk/edit,Lesson Resource,2
act1,unit-3,lesson-4,Student Workbook,https://docs.google.com/presentation/d/1mQ3_qm9M1vr_6hlNX5cRr37aM1OcmSe-NXyrXd_ipr8/edit?usp=sharing,Lesson Resource,3
act1,unit-3,lesson-4,Lesson Resources,https://docs.google.com/document/d/1o4NAPaD5VfAKXuNjLqD8C8KnFnsi95D9aKI1tEBGyQQ/edit?usp=sharing,Lesson Resource,4
act1,unit-3,lesson-4,Presentación en Español,https://docs.google.com/presentation/d/1eFEx07d5ri_1njukksP8PyFfmFfPEJNj/edit?usp=sharing&ouid=104000786456689036858&rtpof=true&sd=true,Lesson Resource,5
act1,unit-3,lesson-5,Lesson Plan,https://docs.google.com/document/d/1dnPLg51aV6uTJz4y7E05XTHp7ACcOUBA9t23aGdOIaE/edit?usp=sharing,Lesson Resource,1
act1,unit-3,lesson-5,Slide Deck,https://docs.google.com/presentation/d/1iqS_pSVD-SomrLkLRJKolT07VFu9XBqONp1Bq0owt1M/edit#slide=id.g777569b075_0_0,Lesson Resource,2
act1,unit-3,lesson-5,Student Workbook,https://docs.google.com/presentation/d/1DPEUYF-MUHhGRRyWsUe_PuXu3QymysU_wlZKWjqozck/edit?usp=sharing,Lesson Resource,3
act1,unit-3,lesson-5,Lesson Resources,https://docs.google.com/document/d/1BW1soax20m020eUW-eTDu5Djdi1UNoev7BnboGN_frk/edit?usp=sharing,Lesson Resource,4
act1,unit-3,lesson-5,Presentación en Español,https://docs.google.com/presentation/d/11S7KWORoGcFIBoOupmwXrapfLY5jPBXH/edit?usp=sharing&ouid=104000786456689036858&rtpof=true&sd=true,Lesson Resource,5
act1,unit-4,__unit__,Unit Overview,https://docs.google.com/document/d/1ypCbBVYSSHFOiU4SzchqaGfDoIgewmy8hdwRFHLB9lg/edit?usp=sharing,Unit Resource,1
act1,unit-4,lesson-1,Lesson Plan,https://docs.google.com/document/d/13VD9nleJ_4gMuJ3sDUnBDSlSYjOUJCwwvMg3K-3reXk/edit?usp=sharing,Lesson Resource,1
act1,unit-4,lesson-1,Slide Deck,https://docs.google.com/presentation/d/1k-2DFPwPZpPg0W6lmy0Pc1q8-JiaRKR60zn8sm5HFzY/edit#slide=id.g74591ea4aa_0_0,Lesson Resource,2
act1,unit-4,lesson-1,Student Workbook,https://docs.google.com/presentation/d/1VlX3pCDFQiKzI8CVulLeKSo6uQGycI48_8RzkJxHD-c/edit?usp=sharing,Lesson Resource,3
act1,unit-4,lesson-1,Lesson Resources,https://docs.google.com/document/d/1IWxkP9sY18xtiwztC285UaJ0eADbbtdW6shDU2qCrdg/edit?usp=sharing,Lesson Resource,4
act1,unit-4,lesson-1,Presentación en Español,https://docs.google.com/presentation/d/1-c4uYMg-MqAc19WewRLD_loDGbS8_aX-/edit?usp=sharing&ouid=104000786456689036858&rtpof=true&sd=true,Lesson Resource,5
act1,unit-4,lesson-2,Lesson Plan,https://docs.google.com/document/d/1vxD1KBk4TBu15XdTIr9JMq9mMi4Ncrjf4o-Zcbg3RZE/edit?usp=sharing,Lesson Resource,1
act1,unit-4,lesson-2,Slide Deck,https://docs.google.com/presentation/d/1m-B4HIgQ3YMIO03jvaIWgTshJVLYCMiwCZTCx_pbwMc/edit#slide=id.g74591ea4aa_0_0,Lesson Resource,2
act1,unit-4,lesson-2,Student Workbook,https://docs.google.com/presentation/d/1j084IQ00Ule8Dl0BZA_J-2FGp_xjWM9FrMf0x20lsS0/edit?usp=sharing,Lesson Resource,3
act1,unit-4,lesson-2,Lesson Resources,https://docs.google.com/document/d/13FB8_Sgm7gUK2uvSb7MRIi06Vp_2NDprPXJL_7UdRII/edit?usp=sharing,Lesson Resource,4
act1,unit-4,lesson-2,Presentación en Español,https://docs.google.com/presentation/d/12ocpFvjDnwWpU7MB8gliLcRpc0FT78i4/edit?usp=sharing&ouid=104000786456689036858&rtpof=true&sd=true,Lesson Resource,5
act1,unit-4,lesson-3,Lesson Plan,https://docs.google.com/document/d/1fVKKHn9HdGMmf6hZDgQMq_lBGCCE12UReusBPt_im74/edit?usp=sharing,Lesson Resource,1
act1,unit-4,lesson-3,Slide Deck,https://docs.google.com/presentation/d/1zxk_u73jan9iwhCvHx57xfNoVu7GCmrVfXfyqRGVELc/edit,Lesson Resource,2
act1,unit-4,lesson-3,Student Workbook,https://docs.google.com/presentation/d/1bCkwwvPD1CL-9QSiWOvh-GfAf3q0tWkqTpBy3yResAY/edit?usp=sharing,Lesson Resource,3
act1,unit-4,lesson-3,Lesson Resources,https://docs.google.com/document/d/1n-C_bCUoGAeDUtU8XyTYER8miMm4k7hewbd_jofSNhA/edit?usp=sharing,Lesson Resource,4
act1,unit-4,lesson-3,Presentación en Español,https://docs.google.com/presentation/d/129c2XFPvNmzIawyCKWBaU4cUtxo53VoH/edit?usp=sharing&ouid=104000786456689036858&rtpof=true&sd=true,Lesson Resource,5
act1,unit-4,lesson-4,Lesson Plan,https://docs.google.com/document/d/1Lo_oLBL12u6d64d0igquupJs_BP8SdquC9ldx0Ykyms/edit?usp=sharing,Lesson Resource,1
act1,unit-4,lesson-4,Slide Deck,https://docs.google.com/presentation/d/13DfjOxMN63pEkSB8X7YMtAYlInf8axq-IH-lp07ZcTg/edit,Lesson Resource,2
act1,unit-4,lesson-4,Student Workbook,https://docs.google.com/presentation/d/1Hv0lrqp2uivOPQFawsaQRNdFmWWhP04mWK1W4gvQIgo/edit?usp=sharing,Lesson Resource,3
act1,unit-4,lesson-4,Lesson Resources,https://docs.google.com/document/d/1qOvNj_6gp-SMHMaZwHmQAN-ehJDvynEgOub1zjp2hzo/edit?usp=sharing,Lesson Resource,4
act1,unit-4,lesson-4,Presentación en Español,https://docs.google.com/presentation/d/1RsOka3bNb9FMIg3PT_tRr48_625tAS7O/edit?usp=sharing&ouid=104000786456689036858&rtpof=true&sd=true,Lesson Resource,5
act1,unit-4,lesson-5,Lesson Plan,https://docs.google.com/document/d/1ZPHWGufN5Rd40YEvBU6rJk7t-GHJZje3fq9gsopEpY8/edit?usp=sharing,Lesson Resource,1
act1,unit-4,lesson-5,Slide Deck,https://docs.google.com/presentation/d/1uJV_hIFK818gDxp8hKnYVmgUdw5GUiF0U-gZBld2VbA/edit#slide=id.g777569b075_0_0,Lesson Resource,2
act1,unit-4,lesson-5,Student Workbook,https://docs.google.com/presentation/d/1xpjnhRyb22faw26trSW5735ARolEnPGTILBQHsBa7u4/edit?usp=sharing,Lesson Resource,3
act1,unit-4,lesson-5,Lesson Resources,https://docs.google.com/document/d/1mbgFlbUkRfGk-IYp2cO-AJX8tsAy7_KmM8PR5rZE1LA/edit?usp=sharing,Lesson Resource,4
act1,unit-4,lesson-5,Presentación en Español,https://docs.google.com/presentation/d/1pdhM_ASnvhfn1UygxoOTVdJZJasw1ey-/edit?usp=sharing&ouid=104000786456689036858&rtpof=true&sd=true,Lesson Resource,5
act1,unit-5,__unit__,Unit Overview,https://docs.google.com/document/d/1UOaCzRyvz4H4zr_gu831FfWIB4eysd1zTLAGFtAujDk/edit?usp=sharing,Unit Resource,1
act1,unit-5,lesson-1,Lesson Plan,https://docs.google.com/document/d/1jYsGHCxFQEzEcKZ2AlkzZpElMfrFwjhJx0R32-7G4u0/edit?usp=sharing,Lesson Resource,1
act1,unit-5,lesson-1,Slide Deck,https://docs.google.com/presentation/d/15MX68yVghmfRQLHxbu90jh4DL4FhJAlpWYc9h8FdwE0/edit,Lesson Resource,2
act1,unit-5,lesson-1,Student Workbook,https://docs.google.com/presentation/d/1W90VfdDrnxEKuvBWewjMtaw-P70Ujt7_ttOlUv4DbOo/edit?usp=sharing,Lesson Resource,3
act1,unit-5,lesson-1,Lesson Resources,https://docs.google.com/document/d/1nWYcdv6mW9tdjR1XiC0suzEXZNS8UhvcYvfpo98ao7Y/edit?usp=sharing,Lesson Resource,4
act1,unit-5,lesson-1,Presentación en Español,https://docs.google.com/presentation/d/1u3muMQagB3XSCavRvZSvshD62RLlX3T2/edit?usp=sharing&ouid=104000786456689036858&rtpof=true&sd=true,Lesson Resource,5
act1,unit-5,lesson-2,Lesson Plan,https://docs.google.com/document/d/1GzIfnJYmxGHGHhQ74Rn-NsbqbuYITeCElNUWJQvkqC0/edit?usp=sharing,Lesson Resource,1
act1,unit-5,lesson-2,Slide Deck,https://docs.google.com/presentation/d/1Pa0vnIbcZ62cc0A5fzyJE2NnV9uQxoXar-MILmg3S6E/edit#slide=id.g74591ea4aa_0_0,Lesson Resource,2
act1,unit-5,lesson-2,Presentación en Español,https://docs.google.com/presentation/d/1_BcOequ5nyq-v_Flu7fBSwIQ4b1eM1Re/edit?usp=sharing&ouid=104000786456689036858&rtpof=true&sd=true,Lesson Resource,3
act1,unit-5,lesson-2,Student Workbook,https://docs.google.com/presentation/d/14HIjMT86DfPX5KL23SQhpdmqLH5ctrnEDmW4UAUmXUg/edit?usp=sharing,Lesson Resource,4
act1,unit-5,lesson-2,Lesson Resources,https://docs.google.com/document/d/1ovw9X2Ei44nFDghl6zUcvvF0m-01aSwoEk-wlIvJAKM/edit?usp=sharing,Lesson Resource,5
act1,unit-5,lesson-2,Materiales para Charadas de Scratch,https://drive.google.com/drive/folders/1dIkjQ0KCWRXTy-Zo4mYP1QhhVwNknHLw?usp=sharing,Lesson Resource,6
act1,unit-5,lesson-3,Lesson Plan,https://docs.google.com/document/d/1L15-IDBx7SwAkRR0KhtrhH9MGvg2O5ZzcXFozBGAPGU/edit?usp=sharing,Lesson Resource,1
act1,unit-5,lesson-3,Slide Deck,https://docs.google.com/presentation/d/110E6vnt74cnUfcfvi1Hf1GeEXn4a1kWxiPpR68jtvBs/edit,Lesson Resource,2
act1,unit-5,lesson-3,Student Workbook,https://docs.google.com/presentation/d/1a6jXL8jvdOtY4OMkCa7zoNISdr6NEqy_1UvJZxlkHyU/edit?usp=sharing,Lesson Resource,3
act1,unit-5,lesson-3,Lesson Resources,https://docs.google.com/document/d/1pe2oPEcrjGhdnrLBg1tIlb046gD1cSVYPMJdjj5vDBM/edit?usp=sharing,Lesson Resource,4
act1,unit-5,lesson-3,Presentación en Español,https://docs.google.com/presentation/d/1uA5nI6UhBhqZIhQu8_JwABBnAcePqkEk/edit?usp=sharing&ouid=104000786456689036858&rtpof=true&sd=true,Lesson Resource,5
act1,unit-5,lesson-4,Lesson Plan,https://docs.google.com/document/d/12Lkn_rpWZoHcSJI7iqUYVwpAhdvpRDWqbfHicUTrDYg/edit?usp=sharing,Lesson Resource,1
act1,unit-5,lesson-4,Slide Deck,https://docs.google.com/presentation/d/1eKF8_ra-tFjf1U-M0R-MsO604BXedKGhZPrt7kFJStg/edit,Lesson Resource,2
act1,unit-5,lesson-4,Student Workbook,https://docs.google.com/presentation/d/1I1L9KqnMHC3MU8DESyAr1tIwQlIiPdRbMU7KmJ3WLk0/edit?usp=sharing,Lesson Resource,3
act1,unit-5,lesson-4,Lesson Resources,https://docs.google.com/document/d/1isRHiOgbqKx9w_BT96JjZqKrJnwmBiowFlh0kO-Rrus/edit?usp=sharing,Lesson Resource,4
act1,unit-5,lesson-4,Presentación en Español,https://docs.google.com/presentation/d/1WzP4ux5mcvn5W3TXe55Cha8o92a9hvQ8/edit?usp=sharing&ouid=104000786456689036858&rtpof=true&sd=true,Lesson Resource,5
act1,unit-5,lesson-5,Lesson Plan,https://docs.google.com/document/d/1mqOZzZ-i8eqHnCKYOITaiNgqbqZOeHKCEZB0vBrvB5c/edit?usp=sharing,Lesson Resource,1
act1,unit-5,lesson-5,Slide Deck,https://docs.google.com/presentation/d/1cIRD6jMRYaMhZq4iekYoOaYivP_trR7EgyxPZBUDCBA/edit,Lesson Resource,2
act1,unit-5,lesson-5,Student Workbook,https://docs.google.com/presentation/d/1pCfwuug_M3afOv_ZB7w5y9TZBCQqDk4ShzjiX24jzxw/edit?usp=sharing,Lesson Resource,3
act1,unit-5,lesson-5,Lesson Resources,https://docs.google.com/document/d/1CLDnpMXqG5KmWM6d3_9LC7gCzO8V3sb9yviW34tM-Wk/edit?usp=sharing,Lesson Resource,4
act1,unit-5,lesson-5,Presentación en Español,https://docs.google.com/presentation/d/1_4j73L1lwVgT1cwLqiDEpY6r5S7OLT4T/edit?usp=sharing&ouid=104000786456689036858&rtpof=true&sd=true,Lesson Resource,5
act1,unit-5,lesson-5,Feedback Form,https://bit.ly/ECforALLfeedback,Lesson Resource,6
act2,unit-1,__unit__,Unit Overview,https://docs.google.com/document/d/11xJ7C3t9A3Qun6JDaAWh5WbfwCwspEY8LPD4skHwZFQ/edit?usp=sharing,Unit Resource,1
act2,unit-1,lesson-1,Presentación en Español,https://docs.google.com/presentation/d/1NEFFHDN2osxs7PztX-ES24JdfrUDGPkCCUnSZ_CI-2I/edit?usp=sharing,Lesson Resource,1
act2,unit-1,lesson-1,Lesson Plan,https://docs.google.com/document/d/1pIaL8CWdb5ZLqu31GzBh0ovMxYE35EKVT9G8RQjtgro/edit?usp=sharing,Lesson Resource,2
act2,unit-1,lesson-1,Slide Deck,https://docs.google.com/presentation/d/163hK4uDUmdbuV-x92gMKEd5kWFEkuxNKLdiKrJrVZPo/edit?usp=sharing,Lesson Resource,3
act2,unit-1,lesson-1,Student Workbook,https://docs.google.com/presentation/d/1hKBagwFMp8tf0qByFgpxgSrnnNycrDMOTbaDXVMB1VM/edit?usp=sharing,Lesson Resource,4
act2,unit-1,lesson-1,Lesson Resources,https://docs.google.com/document/d/1Nz7ZmQ5Oqqa-uzGhiSWF9XIZAduOqBQcCmeFeiuQ46c/edit?usp=sharing,Lesson Resource,5
act2,unit-1,lesson-1,Presentación en Español,https://docs.google.com/presentation/d/1KcZiIHCUsi1O0peWXIphks0P2aXoVWRDhttWiTHwz7k/edit?usp=sharing,Lesson Resource,6
act2,unit-1,lesson-3,Presentación en Español,https://docs.google.com/presentation/d/1POaCagXRG3zw74kBublQclsbp4frazU4oyBMdWb_qjw/edit?usp=sharing,Lesson Resource,1
act2,unit-1,lesson-3,Lesson Plan,https://docs.google.com/document/d/1AbmAZr5ixIBQ6JockGatMqzAMGySF3u4sdiIaagGuAk/edit?usp=sharing,Lesson Resource,2
act2,unit-1,lesson-3,Slide Deck,https://docs.google.com/presentation/d/1IiSRIwgR6RD7-2CYeh9nIyJtPTs1YRmIZY6iYtPbupI/edit?slide=id.g74591ea4aa_0_0#slide=id.g74591ea4aa_0_0,Lesson Resource,3
act2,unit-1,lesson-3,Student Workbook,https://docs.google.com/presentation/d/1NTRhSBgKNON0hNdSN68JtdPE8eeQgqAlF6gHTPfb2dM/edit?usp=sharing,Lesson Resource,4
act2,unit-1,lesson-3,Lesson Resources,https://docs.google.com/document/d/1og7fJRmW8kJOnuKkS2-ddDooO_f-zMRZsUdn4DLKktY/edit?usp=sharing,Lesson Resource,5
act2,unit-1,lesson-4,Presentación en Español,https://docs.google.com/presentation/d/1xGs1snkednoKmXYJCPQuuglfzGrMnYhV9_gFXLsrmws/edit?usp=sharing,Lesson Resource,1
act2,unit-1,lesson-4,Lesson Plan,https://docs.google.com/document/d/1yw_0IcJUY-W1qLk2ekwdrbPNAL189hpDIEv8qX5nxUg/edit?usp=sharing,Lesson Resource,2
act2,unit-1,lesson-4,Slide Deck,https://docs.google.com/presentation/d/1J2oGHBQPFP3jahYnwlSnuFk9j4j-VzCS07srU_Fui_4/edit?usp=sharing,Lesson Resource,3
act2,unit-1,lesson-4,Student Workbook,https://docs.google.com/presentation/d/1TRDBObCq9l6a3n4a1ta1DHULa2eHb2Q_eR_XN9f6448/edit?usp=sharing,Lesson Resource,4
act2,unit-1,lesson-4,Lesson Resources,https://docs.google.com/document/d/10CQAiZpDq0rQJx7YnQRmPHMMuA4e60dsu42MxCOxs7o/edit?usp=sharing,Lesson Resource,5
act2,unit-1,lesson-5,Presentación en Español,https://docs.google.com/presentation/d/1ZBHZlyyJmCgGYWmB3wL4QdHFobsM28btRPPoRTPtSOk/edit?usp=sharing,Lesson Resource,1
act2,unit-1,lesson-5,Lesson Plan,https://docs.google.com/document/d/1npEMsPobLUR0xxemDk1W7doNUm8pnGoTQnREOURtXeY/edit?usp=sharing,Lesson Resource,2
act2,unit-1,lesson-5,Slide Deck,https://docs.google.com/presentation/d/1zAd3eKdAMuopKx7kX9jPFWyoM_fASTB1Y45FF4WQ6ek/edit?usp=sharing,Lesson Resource,3
act2,unit-1,lesson-5,Student Workbook,https://docs.google.com/presentation/d/1FLpEwX0HwfGmqktrkpqa6a-74RpmASqEx69COYVft5M/edit?usp=sharing,Lesson Resource,4
act2,unit-1,lesson-5,Lesson Resources,https://docs.google.com/document/d/1bPzWtRtGxW7yyXAQxND6hFJDCIEl8bsQ8pYn4BtadmI/edit?usp=sharing,Lesson Resource,5
act2,unit-2,__unit__,Unit Overview,https://docs.google.com/document/d/1ziDjSDeZZdxP-h6owI858UEKuL8j8wMa51cd_WzlksU/edit?usp=sharing,Unit Resource,1
act2,unit-2,lesson-1,Presentación en Español,https://docs.google.com/presentation/d/1gEVLbi5izJI3dfGY240Wrr4HdScsrYOMIrI-fi9Ci9A/edit?usp=sharing,Lesson Resource,1
act2,unit-2,lesson-1,Lesson Plan,https://docs.google.com/document/d/1TMWWBJUwBFNHgPQkgIWmtAdfiQRNkb5LdjwLXebgTWY/edit?usp=sharing,Lesson Resource,2
act2,unit-2,lesson-1,Slide Deck,https://docs.google.com/presentation/d/1cHsar2z_A42QpqSr2CVOplLDfCZ_0O667Wo6QpokYwU/edit?usp=sharing,Lesson Resource,3
act2,unit-2,lesson-1,Student Workbook,https://docs.google.com/presentation/d/135VBbqmvUcScsHsCYQp9t0lLFcbLbgN-imbta4ZIsF8/edit?usp=sharing,Lesson Resource,4
act2,unit-2,lesson-1,Lesson Resources,https://docs.google.com/document/d/1xbh6dmac3FoW243D0YiI-O5PQMAler5EG90ly2xOfMM/edit?usp=sharing,Lesson Resource,5
act2,unit-2,lesson-2,Presentación en Español,https://docs.google.com/presentation/d/19Als9lHZpOYbeUKuCsFcrUAagbO7R6hsjKpjNb5mmIw/edit?usp=sharing,Lesson Resource,1
act2,unit-2,lesson-2,Lesson Plan,https://docs.google.com/document/d/1c417eUkZ_Bi8j1NbVOV4i4RO7Iz5z32C1Denkwi5-z8/edit?usp=sharing,Lesson Resource,2
act2,unit-2,lesson-2,Slide Deck,https://docs.google.com/presentation/d/1Hs7qhtjUsYKZOXDybUezaGql8F2aMIHGrhS_5C0r2tg/edit?usp=sharing,Lesson Resource,3
act2,unit-2,lesson-2,Student Workbook,https://docs.google.com/presentation/d/1QesTI-HyBpqK5DAEpN6RtHi10l73Y9RnSMJB-1bA18c/edit?usp=sharing,Lesson Resource,4
act2,unit-2,lesson-2,Lesson Resources,https://docs.google.com/document/d/1M3u38Xj06akDCUFLuDB5U8ypmkjJZ5I-wEaxm3Z99K0/edit?usp=sharing,Lesson Resource,5
act2,unit-2,lesson-3,Presentación en Español,https://docs.google.com/presentation/d/1w6h_T7QOmYRtEWEUrccyT1OTkFh6sXWtirdiEhXHL84/edit?usp=sharing,Lesson Resource,1
act2,unit-2,lesson-3,Lesson Plan,https://docs.google.com/document/d/17dx9EkNvqSggHEuNdYF7_4picNQv8_mdpUB0pZe2jAY/edit?usp=sharing,Lesson Resource,2
act2,unit-2,lesson-3,Slide Deck,https://docs.google.com/presentation/d/1J_dpQYAMln2uokmA_zSj1M5xcoG9mXwSze-31oV6AFY/edit?usp=sharing,Lesson Resource,3
act2,unit-2,lesson-3,Student Workbook,https://docs.google.com/presentation/d/1M32WDOhMfxEF3TkmEl9aUqcyREaCOSjSxYOP8doUdng/edit?usp=sharing,Lesson Resource,4
act2,unit-2,lesson-3,Lesson Resources,https://docs.google.com/document/d/1sv1eElVFwojDsgVo1VDrg6qhtpDN8g1gBE36XHLNqpw/edit?usp=sharing,Lesson Resource,5
act2,unit-2,lesson-4,Presentación en Español,https://docs.google.com/presentation/d/1V2Q9bTUCuhdusYUA6PrjsdMobEFjI9OtZ6HTeDu3wp8/edit?usp=sharing,Lesson Resource,1
act2,unit-2,lesson-4,Lesson Plan,https://docs.google.com/document/d/1SZuPY7QBpw9ksXfaIqlWUPSWnAQuDaW-bgKZnYZKOAA/edit?usp=sharing,Lesson Resource,2
act2,unit-2,lesson-4,Slide Deck,https://docs.google.com/presentation/d/1_Ae4G2NVPTAsPRj2y49qkrSTPIAimzIo16OQJzAuOzI/edit?usp=sharing,Lesson Resource,3
act2,unit-2,lesson-4,Student Workbook,https://docs.google.com/presentation/d/12UsGEXMibkK7O57v6YnWd_20AcwOcVrpvX_AoLyS5t8/edit?usp=sharing,Lesson Resource,4
act2,unit-2,lesson-4,Lesson Resources,https://docs.google.com/document/d/1hawqYu5nlVq7Oifeix6H9qqvfetpDJjL2YUOMNJox6I/edit?usp=sharing,Lesson Resource,5
act2,unit-2,lesson-5,Presentación en Español,https://docs.google.com/presentation/d/1xKIqBGrCo4jmegOuNQNi4XCSyWP-aMspMAwlKaGtyz4/edit?usp=sharing,Lesson Resource,1
act2,unit-2,lesson-5,Lesson Plan,https://docs.google.com/document/d/1vIOGtjiMrh24ZZ3wgyRuLa8DmulbzPTX3bTbkfSdGOg/edit?usp=sharing,Lesson Resource,2
act2,unit-2,lesson-5,Slide Deck,https://docs.google.com/presentation/d/1gmesW9sWu8b8oqHg-QX8xbrjRBQ0pYGI7JCq9oDIES0/edit?usp=sharing,Lesson Resource,3
act2,unit-2,lesson-5,Student Workbook,https://docs.google.com/presentation/d/1JKwTOsKPlwcjLakjRZB2tuXfsAAerXiM_cvkSF9bdXk/edit?usp=sharing,Lesson Resource,4
act2,unit-2,lesson-5,Lesson Resources,https://docs.google.com/document/d/1sEfPSqIDxe6SCVndYdxZH9tQHgSyuZ-lX8Y52qLMFQM/edit?usp=sharing,Lesson Resource,5
act2,unit-3,__unit__,Unit Overview,https://docs.google.com/document/d/1EKP6kUNzGm9HGZ9BDNTQj557_Mo2LSQmIbZb0hqJUU8/edit?usp=sharing,Unit Resource,1
act2,unit-3,lesson-1,Presentación en Español,https://docs.google.com/presentation/d/1euQx8NCjVy04JG5XFkv8a_5fXitXXtTBYnAh8ZPGZOY/edit?slide=id.g74591ea4aa_0_0#slide=id.g74591ea4aa_0_0,Lesson Resource,1
act2,unit-3,lesson-1,Lesson Plan,https://docs.google.com/document/d/1xl7ucZ_S4ujXMXdOf6aDXuQZZewZaBQ9jDQO-jfwXZY/edit?usp=sharing,Lesson Resource,2
act2,unit-3,lesson-1,Slide Deck,https://docs.google.com/presentation/d/1kLt2Fl49-Al85GXy3RKqSPfOSp0ZXY05ni0Yly7KpbI/edit?usp=sharing,Lesson Resource,3
act2,unit-3,lesson-1,Student Workbook,https://docs.google.com/presentation/d/1meeq_35dVZIc99kNnL4R2D61eWa9lcEd7Z0neATNbdU/edit?usp=sharing,Lesson Resource,4
act2,unit-3,lesson-1,Lesson Resources,https://docs.google.com/document/d/1vrVgzXDE6ZVTQEYAHyV7X-8ftp6Ct1otBZLo86BTEYA/edit?usp=sharing,Lesson Resource,5
act2,unit-3,lesson-2,Presentación en Español,https://docs.google.com/presentation/d/1Jez86_iy1FoRV-7xAZSOROF6poutsG6IS80STdR1rKk/edit?slide=id.g74591ea4aa_0_0#slide=id.g74591ea4aa_0_0,Lesson Resource,1
act2,unit-3,lesson-2,Lesson Plan,https://docs.google.com/document/d/14UxI1cs1uAGup1gT-2i-XAlw2Hy_LwE4cHZZzdKyRew/edit?usp=sharing,Lesson Resource,2
act2,unit-3,lesson-2,Slide Deck,https://docs.google.com/presentation/d/1WGkpsEEJeG_FrF54acIsPWLKLtQ7vfAfP2bFT9VqOfA/edit?usp=sharing,Lesson Resource,3
act2,unit-3,lesson-2,Student Workbook,https://docs.google.com/presentation/d/1PA4XC72K26sYrtpGekXnn6H5Wj2wvQ2I8gMv8H5FRVM/edit?usp=sharing,Lesson Resource,4
act2,unit-3,lesson-2,Lesson Resources,https://docs.google.com/document/d/14UBDATHYU_o4D94h7Ao1OyQQcUZuMjAVpJH1BaGhjPI/edit?usp=sharing,Lesson Resource,5
act2,unit-3,lesson-3,Lesson Plan,https://docs.google.com/document/d/1MLLIyETI2XtGo3D7l-wU2NjunNy_OE1__nuM1iLhV4c/edit?usp=sharing,Lesson Resource,1
act2,unit-3,lesson-3,Slide Deck,https://docs.google.com/presentation/d/1E6XjmU3a2g7qL6LpnlumLUghosSkI7Vy5M7h-T8QAQg/edit?usp=sharing,Lesson Resource,2
act2,unit-3,lesson-3,Student Workbook,https://docs.google.com/presentation/d/1KfyjGvOERXRFb-akSgd8RC4OHvIDvEgeEkFlkNWkZ9s/edit?usp=sharing,Lesson Resource,3
act2,unit-3,lesson-3,Lesson Resources,https://docs.google.com/document/d/11vvmi3tk2_hpX8kBI_GVDSbfrjiDjidKimc8iRHTnok/edit?usp=sharing,Lesson Resource,4
act2,unit-3,lesson-3,Presentación en Español,https://docs.google.com/presentation/d/17E6_hAHoD-9Ny76RvxTBqkABfuMT3YmqBEkGDfZ4y7c/edit?slide=id.g74591ea4aa_0_0#slide=id.g74591ea4aa_0_0,Lesson Resource,5
act2,unit-3,lesson-4,Presentación en Español,https://docs.google.com/presentation/d/1Rz9jR5wXwbghdZfJ2j3zx2MGKKABFn2BjForyIf6PBE/edit?slide=id.g74591ea4aa_0_0#slide=id.g74591ea4aa_0_0,Lesson Resource,1
act2,unit-3,lesson-4,Lesson Plan,https://docs.google.com/document/d/1p4xlc0bZI9tiP2QdDycQ1lDUHTEGqVYWpiWV-oq1YGQ/edit?usp=sharing,Lesson Resource,2
act2,unit-3,lesson-4,Slide Deck,https://docs.google.com/presentation/d/1UFiw9A0kDPkENCp8-wO0ydHZljYB1gt61Dvcbz9tlak/edit?usp=sharing,Lesson Resource,3
act2,unit-3,lesson-4,Student Workbook,https://docs.google.com/presentation/d/1U65KYFoIf0xG7D4w7CuiP5bHYG3kRQwRQP2SRNqNSFo/edit?usp=sharing,Lesson Resource,4
act2,unit-3,lesson-4,Lesson Resources,https://docs.google.com/document/d/1VVN0Ty7-h7d9f9MlFB_f-0x_T015bXp0X-zOrP-9Tzs/edit?usp=sharing,Lesson Resource,5
act2,unit-3,lesson-5,Presentación en Español,https://docs.google.com/presentation/d/1rBNR9vQ09XgUiq_G2_UIrwmi7hZiBm_iHz_5hdVJ2mI/edit?slide=id.g36931609232_3_45#slide=id.g36931609232_3_45,Lesson Resource,1
act2,unit-3,lesson-5,Lesson Plan,https://docs.google.com/document/d/1n-yUyih8USsT7OC-isKGTvCTHzIxd5EDvrzwpF8DlE0/edit?usp=sharing,Lesson Resource,2
act2,unit-3,lesson-5,Slide Deck,https://docs.google.com/presentation/d/1TecvRWm-pdSDL1bkVfRD6W-utWTIOZNQzYcJUlJD_UA/edit?usp=sharing,Lesson Resource,3
act2,unit-3,lesson-5,Student Workbook,https://docs.google.com/presentation/d/1XbRm9lEJ_Wx91SXX4IdpcNVL1wRxqsWtEjsqxcpO9Eg/edit?usp=sharing,Lesson Resource,4
act2,unit-3,lesson-5,Lesson Resources,https://docs.google.com/document/d/1TUU0ZCwV9CHRwJzFnbp7gsuQChnnWArG83Aidqj8_lA/edit?usp=sharing,Lesson Resource,5
act2,unit-4,__unit__,Unit Overview,https://docs.google.com/document/d/1Kd3tRD-a6D-uWU5F6qB4yP5GXcv-HkdIogZlRkq1ezY/edit?usp=sharing,Unit Resource,1
act2,unit-4,lesson-1,Presentación en Español,https://docs.google.com/presentation/d/1iB8WEOTUtvPjkrwbmofc88cgrxBf5cgdTOz1mRIyq8M/edit?slide=id.g8d6df723ea_0_0#slide=id.g8d6df723ea_0_0,Lesson Resource,1
act2,unit-4,lesson-1,Lesson Plan,https://docs.google.com/document/d/1rqZcFyyZjvFlcLgJUCHsG5FNDCNU35_F5NxzXMF1rUg/edit?usp=sharing,Lesson Resource,2
act2,unit-4,lesson-1,Slide Deck,https://docs.google.com/presentation/d/1a8G0Fa4Drfzka2KMm0CjdY2toeTf5-KglbQmgNyoxNc/edit?usp=sharing,Lesson Resource,3
act2,unit-4,lesson-1,Student Workbook,https://docs.google.com/presentation/d/12ImE9eP1tuncRjB3xshqUkDwh6lAn5HcRhZiQzrwKKM/edit?usp=sharing,Lesson Resource,4
act2,unit-4,lesson-1,Lesson Resources,https://docs.google.com/document/d/1Bhmfvjj_WsHCsHgInSgGHg9vzpD3ifqPevBlKv_uclM/edit?usp=sharing,Lesson Resource,5
act2,unit-4,lesson-2,Presentación en Español,https://docs.google.com/presentation/d/1ZC35AA9_hQgpbd2ZEGprRsvfWoHrpMI3zJUhqLZRSAY/edit?slide=id.g74591ea4aa_0_0#slide=id.g74591ea4aa_0_0,Lesson Resource,1
act2,unit-4,lesson-2,Lesson Plan,https://docs.google.com/document/d/1TTTHb08sihWLGDg0pjUw0aHFrJXje9KtBE26eARVTd0/edit?usp=sharing,Lesson Resource,2
act2,unit-4,lesson-2,Slide Deck,https://docs.google.com/presentation/d/19FxV6aX7kUMDTF_2oncueaTjgA7quItaGLCNF-q1tkA/edit?usp=sharing,Lesson Resource,3
act2,unit-4,lesson-2,Student Workbook,https://docs.google.com/presentation/d/1xGfxSh1hVgFNrCsL4yf09wED8REUOK-GK6ND_hyvzm0/edit?usp=sharing,Lesson Resource,4
act2,unit-4,lesson-2,Lesson Resources,https://docs.google.com/document/d/16KCu2dbd2_O6wQplEAQRmAE0WelGJ1XGcPm9jK_KKSQ/edit?usp=sharing,Lesson Resource,5
act2,unit-4,lesson-3,Lesson Plan,https://docs.google.com/document/d/1c2oI7HwrzTxkDj74Ol1URtKd8erahO2oSmbWLqoI800/edit?usp=sharing,Lesson Resource,1
act2,unit-4,lesson-3,Slide Deck,https://docs.google.com/presentation/d/1W-LhP1dbdYxWkjVPVL_vvnavJF61KPCrezNI4Lk7F3M/edit?usp=sharing,Lesson Resource,2
act2,unit-4,lesson-3,Student Workbook,https://docs.google.com/presentation/d/1UKPVZ_F1oZ38iX8ruNU6VoLOoeP-wLDxTNZxVeKT9oI/edit?usp=sharing,Lesson Resource,3
act2,unit-4,lesson-3,Lesson Resources,https://docs.google.com/document/d/1UHFZ7McdJQbiXB18Gv_YPuAn_5T4a0hYbzlGembL0wA/edit?usp=sharing,Lesson Resource,4
act2,unit-4,lesson-3,Presentación en Español,https://docs.google.com/presentation/d/1tQmaaujsxxyq-gH7Erk-tNqEcjY1vxb9GSaSzpO-3oI/edit?slide=id.g74591ea4aa_0_0#slide=id.g74591ea4aa_0_0,Lesson Resource,5
act2,unit-4,lesson-4,Presentación en Español,https://docs.google.com/presentation/d/15VizDlKVrWHGS2t2KZIRRRs8uBDwDO3o_9WcI8xsReI/edit?slide=id.g74591ea4aa_0_0#slide=id.g74591ea4aa_0_0,Lesson Resource,1
act2,unit-4,lesson-4,Lesson Plan,https://docs.google.com/document/d/1JD4_Y4oQdQbOAHMqt8GQSLfo8gnCV0XGdeZOS3mfIyY/edit?usp=sharing,Lesson Resource,2
act2,unit-4,lesson-4,Slide Deck,https://docs.google.com/presentation/d/1b4Geg39QsLEsvJ13mCRX9_UVENOH9z_LJlg450QHIOQ/edit?usp=sharing,Lesson Resource,3
act2,unit-4,lesson-4,Student Workbook,https://docs.google.com/presentation/d/1xNVmxCm8tOtUyjdW-5LuRUH4ITuIcvp6CY_xF8VH818/edit?usp=sharing,Lesson Resource,4
act2,unit-4,lesson-4,Lesson Resources,https://docs.google.com/document/d/1S4lC0pW0ls2RxvOd3MUX5NFdy8TEdLG-qBOZkMH_EaQ/edit?usp=sharing,Lesson Resource,5
act2,unit-4,lesson-5,Presentación en Español,https://docs.google.com/presentation/d/1NEFFHDN2osxs7PztX-ES24JdfrUDGPkCCUnSZ_CI-2I/edit?usp=sharing,Lesson Resource,1
act2,unit-4,lesson-5,Lesson Plan,https://docs.google.com/document/d/1tKlY2PIIBsLOP8V_ZN4V0dnRuWjJVBEvUGh6aSrCC2M/edit?usp=sharing,Lesson Resource,2
act2,unit-4,lesson-5,Slide Deck,https://docs.google.com/presentation/d/1p76zLZlEbFofeUhgvyGWIkF721Bx3431S-NHUPCtSZg/edit?usp=sharing,Lesson Resource,3
act2,unit-4,lesson-5,Student Workbook,https://docs.google.com/presentation/d/1Hpnd_TDZS8VxiMbK553Bwo5ODDEs2xF_6WaZ7XMNd4Y/edit?usp=sharing,Lesson Resource,4
act2,unit-4,lesson-5,Lesson Resources,https://docs.google.com/document/d/1nJts6DXWNfWN6iP7ac9JUISsr2q1F5kHkaSjmVUMFa8/edit?usp=sharing,Lesson Resource,5
act2,unit-4,lesson-5,Feedback Form,https://bit.ly/ECforALLfeedback,Lesson Resource,6
act3,unit-1,__unit__,Workbook U.1,https://docs.google.com/presentation/d/1Bt7dzJZ429GKemppkYLofj0nsUzZMptyX6bbef2mbio/edit?slide=id.g2086a71beda_0_456#slide=id.g2086a71beda_0_456,Unit Resource,1
act3,unit-1,__unit__,WB U.1 Spanish,https://docs.google.com/presentation/d/1Bq2wNGsHrZ4_rASpi-Lke_E35MLtasJDtx_yYX5g3t4/edit?usp=sharing,Unit Resource,2
act3,unit-1,__unit__,Unit Overview,https://docs.google.com/document/d/1Gsdo5y_ohmdidlQgxFTgJY7LQIU5xycH6FO9A-44U_A/edit?usp=sharing,Unit Resource,3
act3,unit-1,lesson-1,Lesson Plan,https://docs.google.com/document/d/15NSxM200vuhEgfgfDZcIbaSur6nOcmuAH3e6bIMUweo/edit,Lesson Resource,1
act3,unit-1,lesson-1,Slide Deck,https://docs.google.com/presentation/d/1md2EjvBV1oqJiCgLjrxfTTYQYSERYcGLddrYlTukKzM/edit?usp=sharing,Lesson Resource,2
act3,unit-1,lesson-1,Student Workbook,https://docs.google.com/presentation/d/178eFePXyo3cLylId63pOMiJqSgL48fxQISe7skKSxWE/edit?usp=drive_link,Lesson Resource,3
act3,unit-1,lesson-1,Presentación en Español,https://docs.google.com/presentation/d/1p6ffcj-bpkx4I0d3NvhnqJeIyILvsLFOSRD-F5-Sb38/edit?slide=id.g2fe5e41aa96_1_45#slide=id.g2fe5e41aa96_1_45,Lesson Resource,4
act3,unit-1,lesson-2,Lesson Plan,https://docs.google.com/document/d/1lLUj7qB1Swfki-_f-CZujq_gMCt_7FNuixFsM0bgbjU/edit,Lesson Resource,1
act3,unit-1,lesson-2,Slide Deck,https://docs.google.com/presentation/d/1HWkJYtY0p8Kzs83NSXp4SbJc4uBb8fMTfjmuGBtk13w/edit?usp=sharing,Lesson Resource,2
act3,unit-1,lesson-2,Student Workbook,https://docs.google.com/presentation/d/1VDPpC1-HUWI1CRdQUMI8dFOCNClV83wKAJmel95CcmA/edit#slide=id.g8a1dbcceab_0_66,Lesson Resource,3
act3,unit-1,lesson-2,Presentación en Español,https://docs.google.com/presentation/d/1BaO7ghXGqifiazIoZkPVvPK-aPqdgidlajk_OTJ0SvI/edit#slide=id.g2ffa0ad7a0a_2_0,Lesson Resource,4
act3,unit-1,lesson-3,Lesson Plan,https://docs.google.com/document/d/1x5GtOnJJjlv-DkTpCJuqJF-F4lJUrOW23tEWUA-ME1M/edit,Lesson Resource,1
act3,unit-1,lesson-3,Slide Deck,https://docs.google.com/presentation/d/1qF0no7ZadMj8FVGxn73kVlqrO5e98_NLCrNABgNp5RE/edit?usp=sharing,Lesson Resource,2
act3,unit-1,lesson-3,Student Workbook,https://docs.google.com/presentation/d/1qbAzU230pw6MCUBlSg1aYE88EH6Pfp0CeUlGzLpYi4o/edit?usp=sharing,Lesson Resource,3
act3,unit-1,lesson-3,Presentación en Español,https://docs.google.com/presentation/d/1fmmoCpLEnt1lByJ7YoNkSQG32drnuUzRmgmUXcTau-Y/edit#slide=id.g2ffa1dcc24a_1_0,Lesson Resource,4
act3,unit-1,lesson-4,Lesson Plan,https://docs.google.com/document/d/1Cl5co3-e3VW3FqUW1BFB5S3t1KDS_ay836bUrMCEl4k/edit,Lesson Resource,1
act3,unit-1,lesson-4,Slide Deck,https://docs.google.com/presentation/d/1GEpFP8Bv10cwtKvHy3ocnjO6oKsuGTPt-TPPECm-hsE/edit?usp=sharing,Lesson Resource,2
act3,unit-1,lesson-4,Student Workbook,https://docs.google.com/presentation/d/1t_2T2D-OGLWNH6Fv3kwULHffQDuZ-tysJbLgwvLtU-4/edit?usp=sharing,Lesson Resource,3
act3,unit-1,lesson-4,Presentación en Español,https://docs.google.com/presentation/d/1m9Y128nClJ8mV2BYTK5ysarYqqdK5ET6NBS1Aff3W90/edit#slide=id.g1d905dd9e55_0_1,Lesson Resource,4
act3,unit-1,lesson-5,Lesson Plan,https://docs.google.com/document/d/15xnDMg-S6-qs4iQsVaYgz-tKtuZ9FTv00aKdyBQGKk0/edit,Lesson Resource,1
act3,unit-1,lesson-5,Slide Deck,https://docs.google.com/presentation/d/1-yvISks9jplOvWfGcYSUbjA66w-0_z2Xmzu8nAINJc8/edit?usp=sharing,Lesson Resource,2
act3,unit-1,lesson-5,Student Workbook,https://docs.google.com/presentation/d/1Mltzv5xLom1dxWmFhFuLLfKte32jc0MtbmG1p2dqxcs/edit?usp=sharing,Lesson Resource,3
act3,unit-1,lesson-5,Presentación en Español,https://docs.google.com/presentation/d/1baC8UH-yHpW__wcubeRho6djHZdIWoWR8IC-0TEXkGo/edit#slide=id.g3025c5287b5_2_0,Lesson Resource,4
act3,unit-1,lesson-6,Lesson Plan,https://docs.google.com/document/d/1s_CAQmsbJHSLhMavB2EcZWhJc2A9tc7gNeXAn4oOo9s/edit,Lesson Resource,1
act3,unit-1,lesson-6,Slide Deck,https://docs.google.com/presentation/d/1NtVZmkTqhQLmmUrAhcNkR7m_WmADVo5Y051TEAqmSdI/edit?usp=sharing,Lesson Resource,2
act3,unit-1,lesson-6,Student Workbook,https://docs.google.com/presentation/d/1PYOYuWMtk__PfP_-2kQSPKHZF5D0i0j-wU9ejpUVFfs/edit?usp=sharing,Lesson Resource,3
act3,unit-1,lesson-6,Presentación en Español,https://docs.google.com/presentation/d/126RAIKvHBFne3gbKAE_1qppAzrS_LSn0vjPeQEdwxZA/edit#slide=id.g30263e52f37_1_45,Lesson Resource,4
act3,unit-2,__unit__,Workbook U.2,https://docs.google.com/presentation/d/1VOPiuahRVfsFN3IHcfNWCycteQs1QNjVQlnDLWbRpG8/edit?usp=drive_link,Unit Resource,1
act3,unit-2,__unit__,WB U.2 Spanish,https://docs.google.com/presentation/d/1GhWR24o5gbKs44JzEAN-eRgJQ1yBGg-y8oZvDmqCwgI/edit?usp=drive_link,Unit Resource,2
act3,unit-2,__unit__,Unit Overview,https://docs.google.com/document/d/1m6FKRAyHGf0wRD9e1ukPhvDf2vX9Z-2G9uBYq0LlvCA/edit?usp=sharing,Unit Resource,3
act3,unit-2,lesson-1,Lesson Plan,https://docs.google.com/document/d/1cqBCdE9iUJl0J2Fhj4bWg3p2TF50oQR3-abmW5lPOCM/edit,Lesson Resource,1
act3,unit-2,lesson-1,Slide Deck,https://docs.google.com/presentation/d/1GwHnrQ-lY25R8MKe7WCjSuM4lyMvtRFkiHMbIul6iVs/edit#slide=id.g276b54dd857_0_142,Lesson Resource,2
act3,unit-2,lesson-1,Student Workbook,https://docs.google.com/presentation/d/1tRcQOu2K4TsafcddS_WFXtUEFYVJJHX2-BHSbWdL1jc/edit?usp=sharing,Lesson Resource,3
act3,unit-2,lesson-1,Presentación en Español,https://docs.google.com/presentation/d/1EcPTbgKiW_ppy0akAw6TmTewE6FIv_AX_SBHu8XgmzI/edit#slide=id.g30263f83095_1_45,Lesson Resource,4
act3,unit-2,lesson-2,Lesson Plan,https://docs.google.com/document/d/1I4QKrZu2mGMp0qEtOcwQxxhq_eut2B-lA4rx3jhdN3A/edit,Lesson Resource,1
act3,unit-2,lesson-2,Slide Deck,https://docs.google.com/presentation/d/1ecHs_7N1lONz-aEimvrdUP5IUQ57UweFJvIrDEZRkNA/edit#slide=id.g1f631a9d336_0_0,Lesson Resource,2
act3,unit-2,lesson-2,Student Workbook,https://docs.google.com/presentation/d/1zpg1pz5fH1MXGjdZFGk96T2BlkA7XujlFne321Infks/edit?usp=sharing,Lesson Resource,3
act3,unit-2,lesson-2,Presentación en Español,https://docs.google.com/presentation/d/1zoSFRY-4xCn5NzzyFow5BDIH5IpWc8yyqUZs_jxYwIc/edit#slide=id.g3026449472b_1_45,Lesson Resource,4
act3,unit-2,lesson-3,Lesson Plan,https://docs.google.com/document/d/1z5aNCmmp4cLuGhUldrtrdCE8sJ9E2-gf8RrDn0XvnYQ/edit,Lesson Resource,1
act3,unit-2,lesson-3,Slide Deck,https://docs.google.com/presentation/d/15ygrgGyR78fPAK6VQh7R-m5hanecy-j0wGwyMz87WRY/edit#slide=id.g1f631a9d336_0_0,Lesson Resource,2
act3,unit-2,lesson-3,Student Workbook,https://docs.google.com/presentation/d/1SoHBmrL8fmlcyVSUWwumFfBVz0Ig5TP80EXURdWbMnc/edit?usp=sharing,Lesson Resource,3
act3,unit-2,lesson-3,Presentación en Español,https://docs.google.com/presentation/d/1QPzdm03sJH_DWmrwfvfb5vFLoAEMKCWJJPuCQHIOGr4/edit#slide=id.g303c0093350_1_45,Lesson Resource,4
act3,unit-2,lesson-4,Lesson Plan,https://docs.google.com/document/d/1-CYqwRMu5RcztRy2jLSDPBA3i0S2HoZkba-nv8osf_o/edit,Lesson Resource,1
act3,unit-2,lesson-4,Slide Deck,https://docs.google.com/presentation/d/18bBoVdHu7NpBly0PPfu3UHGoTxtrbRIEvP9htQBjZAM/edit#slide=id.g1f631a9d336_0_0,Lesson Resource,2
act3,unit-2,lesson-4,Student Workbook,https://docs.google.com/presentation/d/1823WXGJqqpUsdHrssLLzD-LeuBlRIN6MzzEUoG-iezA/edit?usp=sharing,Lesson Resource,3
act3,unit-2,lesson-4,Presentación en Español,https://docs.google.com/presentation/d/15O83VA_nELqDoGoJeFlHxY3Fgsepefs6wjxYzABbLAY/edit#slide=id.g309a55850a6_1_91,Lesson Resource,4
act3,unit-2,lesson-5,Lesson Plan,https://docs.google.com/document/d/13wO31jXYTwM8b49HtsY9j3t_gP8gZTT8kdtXqumuX6M/edit,Lesson Resource,1
act3,unit-2,lesson-5,Slide Deck,https://docs.google.com/presentation/d/1WXgzCvINXJOK_g4Ai6lsOsIagL3TmQHtgtl_ABLMCgg/edit#slide=id.g1f631a9d336_0_0,Lesson Resource,2
act3,unit-2,lesson-5,Student Workbook,https://docs.google.com/presentation/d/1S73HQ4a29tXntnKrYjUHKPUq5ufpZBMbN8_4kmQAFvU/edit?usp=sharing,Lesson Resource,3
act3,unit-2,lesson-5,Presentación en Español,https://docs.google.com/presentation/d/1nJucji9hn0BV04IfTOcKKauJabHyM-kDdWWPKfpKMOc/edit#slide=id.g1f631a9d336_0_0,Lesson Resource,4
act3,unit-3,__unit__,Lesson Plan,https://docs.google.com/document/d/1mXMDOa7yzjNWfQm0l5J15lzTJgKVMWzTOtUPQz7krtY/edit?tab=t.0,Unit Resource,1
act3,unit-3,__unit__,Workbook U.3,https://docs.google.com/presentation/d/1EZLQ02CThvFCVHYvyZLrCTUI_BSUsUEAiMNAm6htIbw/edit?usp=drive_link,Unit Resource,2
act3,unit-3,__unit__,WB U.3 Spanish,https://docs.google.com/presentation/d/1tmyxLokTPPHflrUsUKponk6jSflEhVUU0T3UdVCv-M4/edit?usp=drive_link,Unit Resource,3
act3,unit-3,__unit__,Unit Overview,https://docs.google.com/document/d/1cCdUd_lXT8wZWNJKpgO6oOcMxpmYfDPCBKRvPrd_Rys/edit?usp=sharing,Unit Resource,4
act3,unit-3,lesson-1,Lesson Plan,https://docs.google.com/document/d/1-l6QhPdocuRNnb-DQtmrANL31VipcLMou3WbMBF5YgE/edit?usp=drivesdk,Lesson Resource,1
act3,unit-3,lesson-1,Slide Deck,https://docs.google.com/presentation/d/17pvgdH3OjkOYS4oedaBW3WA3nQRWQIcmgTTXh2YdO_w/edit#slide=id.g8d6df723ea_0_0,Lesson Resource,2
act3,unit-3,lesson-1,Student Workbook,https://docs.google.com/presentation/d/1ug-uL_Je9wyFc-NFFPpBszWEFNA_dvT0rg3Mq-pplr0/edit?usp=sharing,Lesson Resource,3
act3,unit-3,lesson-1,Presentación en Español,https://docs.google.com/presentation/d/12Cqs51v00yaXdKW3SaY6OurPC_ZTyzlWG6Pc-3ESeUA/edit#slide=id.g8d6df723ea_0_0,Lesson Resource,4
act3,unit-3,lesson-2,Lesson Plan,https://docs.google.com/document/d/1IE6C1mDjH2Oov9xjGZsePXK1VVBW81ZiKVQtN01Hkmg/edit?usp=drivesdk,Lesson Resource,1
act3,unit-3,lesson-2,Slide Deck,https://docs.google.com/presentation/d/1xcrEGIPld94ZQZUl4yZjAmAQchcWBiXBdIvCIrxeRIQ/edit#slide=id.g8d6df723ea_0_0,Lesson Resource,2
act3,unit-3,lesson-2,Student Workbook,https://docs.google.com/presentation/d/1uSjDwpLlUFRLCS0Foxd8jdRH7pAMGQHzfm8GH7wgkac/edit?usp=sharing,Lesson Resource,3
act3,unit-3,lesson-2,Presentación en Español,https://docs.google.com/presentation/d/1fH1izH_Ephmo5RjqFGoQTANULCeOGXqUaoddEANu5UA/edit#slide=id.g30e61b421f0_2_45,Lesson Resource,4
act3,unit-3,lesson-3,Lesson Plan,https://docs.google.com/document/d/1-1Y-JMKMDgR_Bws3TMHbDqo8PazmL2jMawGxPux5Ocs/edit?usp=drivesdk,Lesson Resource,1
act3,unit-3,lesson-3,Slide Deck,https://docs.google.com/presentation/d/1ADIo6CDXyoIOle2ybrSykf_dfg36hhZKpfUZ8GblpyI/edit#slide=id.g8d6df723ea_0_0,Lesson Resource,2
act3,unit-3,lesson-3,Student Workbook,https://docs.google.com/presentation/d/11nBWGJYACK-eoDpM2ZAAAJEAUPtAGtyQh-hOHwtIm-o/edit?usp=sharing,Lesson Resource,3
act3,unit-3,lesson-3,Presentación en Español,https://docs.google.com/presentation/d/1PZTTo7BJ0g6sbbysoYtFy21s0XFvzsacUMUHdMVNDPY/edit#slide=id.g8d6df723ea_0_0,Lesson Resource,4
act3,unit-3,lesson-4,Lesson Plan,https://docs.google.com/document/d/1EifbNb1Mxp0Jya4M_onWZB9WcL6-PthG555wFCpiI04/edit?usp=drivesdk,Lesson Resource,1
act3,unit-3,lesson-4,Slide Deck,https://docs.google.com/presentation/d/1bBsN3qGuPRg9BaqmUdv1TsrYVvGvMnyT-9WUpEMbA6U/edit#slide=id.g8d6df723ea_0_0,Lesson Resource,2
act3,unit-3,lesson-4,Student Workbook,https://docs.google.com/presentation/d/1kJTC_usdJ4-NhUc__4WDm_OV6YmgCc_GnSiCDSMpBxY/edit?usp=sharing,Lesson Resource,3
act3,unit-3,lesson-4,Presentación en Español,https://docs.google.com/presentation/d/1rB8e7v99o9ajFFlYdk2lOyfoQFIYarxDUuSnPhCYvgU/edit#slide=id.g8d6df723ea_0_0,Lesson Resource,4
act3,unit-3,lesson-5,Lesson Plan,https://docs.google.com/document/d/1-stkNZ9T7UtcWXFmKihHwyW_2PdxR6SKxKlrivnQTP4/edit?usp=drivesdk,Lesson Resource,1
act3,unit-3,lesson-5,Slide Deck,https://docs.google.com/presentation/d/1uPEe-_ieASc7d7m9DzWaxIqA33kmDYO0B-DrY5FsYJI/edit#slide=id.g8d6df723ea_0_0,Lesson Resource,2
act3,unit-3,lesson-5,Student Workbook,https://docs.google.com/presentation/d/1F-uNpSmou83Z_Xz2YtMDR9ecSW6OidPS7A7CqRaK_s0/edit?usp=sharing,Lesson Resource,3
act3,unit-3,lesson-5,Presentación en Español,https://docs.google.com/presentation/d/1IRmCjWt7tkSnwgFBPkLR07BbAGchA_AUdZV7RTTIxOQ/edit#slide=id.g8d6df723ea_0_0,Lesson Resource,4
act3,unit-3,lesson-6,Lesson Plan,https://docs.google.com/document/d/1S2ia3WGBs5XJxkui5NcYK_8ElrQwM-_kFGXkE6MkGSM/edit?usp=drivesdk,Lesson Resource,1
act3,unit-3,lesson-6,Slide Deck,https://docs.google.com/presentation/d/1SbXjXVkWRoNkrAAJZqodHhrrZ7cP7nCTka7YggrtFqc/edit#slide=id.g8d6df723ea_0_0,Lesson Resource,2
act3,unit-3,lesson-6,Student Workbook,https://docs.google.com/presentation/d/1wlOw00NCmNhaXQknW0M6ILWeVsDM275Tlnmm8Iff2AY/edit?usp=sharing,Lesson Resource,3
act3,unit-3,lesson-6,Presentación en Español,https://docs.google.com/presentation/d/1_m4Ko0YeVdw96umBepqJvBmEO6dYoMX16y5u3-l3QjY/edit#slide=id.g30e5f76364f_2_45,Lesson Resource,4
act3,unit-3,lesson-7,Lesson Plan,https://docs.google.com/document/d/1pAvddK89ZTwEjRFdf8_pt4k9hfzJsL-vVt1khOd5RKI/edit?usp=drivesdk,Lesson Resource,1
act3,unit-3,lesson-7,Slide Deck,https://docs.google.com/presentation/d/1YNMGcYYkNJ0qPzzuTsvAagaW8UvyUy2BfJ6DF8ytzng/edit#slide=id.g8d6df723ea_0_0,Lesson Resource,2
act3,unit-3,lesson-7,Student Workbook,https://docs.google.com/presentation/d/1-yehhMYSieT3vDBl_ZHxPpp4Gsv-Jj7MP17guaMyzPs/edit?usp=sharing,Lesson Resource,3
act3,unit-3,lesson-7,Presentación en Español,https://docs.google.com/presentation/d/13SyvZx8C3D_7Pod4Wi3zkTORpW8sXLaR-0nRgynCgPM/edit#slide=id.g8d6df723ea_0_0,Lesson Resource,4
act3,unit-3,lesson-8,Lesson Plan,https://docs.google.com/document/d/1PzzYwPN6Vkg9GSxMmvD5Y5aQoKDHHfZdW_qYOoLuHzY/edit?usp=drivesdk,Lesson Resource,1
act3,unit-3,lesson-8,Slide Deck,https://docs.google.com/presentation/d/1qLHHEIawlVtB30eMziw_WiQskcgpzcRTTgJ_uMkQXU4/edit#slide=id.g8d6df723ea_0_0,Lesson Resource,2
act3,unit-3,lesson-8,Student Workbook,https://docs.google.com/presentation/d/1cwPRSuz3asjpE0m17RjBX20442SSB9aamdWNmQ5M3VY/edit?usp=sharing,Lesson Resource,3
act3,unit-3,lesson-8,Presentación en Español,https://docs.google.com/presentation/d/14W0eEFP9EsPSFQTPVO9ez8ExupjSRzZ7jpsXEBEYjcQ/edit#slide=id.g30e679545c3_2_45,Lesson Resource,4
act3,unit-4,__unit__,Workbook U.4,https://docs.google.com/presentation/d/1ngjbxDEezvWKViEWw9Na3CAUVBjYQb9XDnwRhddKJPQ/edit?usp=drive_link,Unit Resource,1
act3,unit-4,__unit__,WB U.4 Spanish,https://docs.google.com/presentation/d/1QKMYOQa5iAcSx4lnFOBIVpohHnrKd-H31qGdPwZHSfM/edit?usp=drive_link,Unit Resource,2
act3,unit-4,__unit__,Unit Overview,https://docs.google.com/document/d/1thB8D0pVKbxhAoToR5mSK1_Ed8XVw3FOO6MLZeC5Jn8/edit?usp=sharing,Unit Resource,3
act3,unit-4,lesson-1,Lesson Plan,https://docs.google.com/document/d/15_oJWo92tVgYnzSKhok25m5ZskuXesiUJhDxlmgQ9bM/edit?usp=sharing,Lesson Resource,1
act3,unit-4,lesson-1,Slide Deck,https://docs.google.com/presentation/d/10IGHHMa-2-E5Ah3bq2T-yZrZKn6RmyDj_2kJLctMbMc/edit#slide=id.g1f631a9d336_0_0,Lesson Resource,2
act3,unit-4,lesson-1,Student Workbook,https://docs.google.com/presentation/d/1CvExXgDldimSJosRhOhiIz2sSaI-gp5HpL7_Z7AwJUQ/edit?usp=sharing,Lesson Resource,3
act3,unit-4,lesson-1,Presentación en Español,https://docs.google.com/presentation/d/1XencuSbot4yB3T62yuQljCMUsvpTlIZV0_84kyPz70I/edit?usp=sharing,Lesson Resource,4
act3,unit-4,lesson-2,Lesson Plan,https://docs.google.com/document/d/15w7xHFaP11lcYz3xdZG9Wf8SB0wZHyxrf6VlLHhKhq0/edit?usp=sharing,Lesson Resource,1
act3,unit-4,lesson-2,Slide Deck,https://docs.google.com/presentation/d/1YvNUqBOTZSKmlhikQAR0kcnvNQ0dcLrnxm4WqDLv3Go/edit#slide=id.g1f631a9d336_0_0,Lesson Resource,2
act3,unit-4,lesson-2,Student Workbook,https://docs.google.com/presentation/d/1nsm34Mi2aJkLYwUJC0D9MXl4-GhyM1nleYBxfqLZPYY/edit?usp=sharing,Lesson Resource,3
act3,unit-4,lesson-2,Presentación en Español,https://docs.google.com/presentation/d/16sjEyCUTyCcrgf4kiEPdc_0s87gOAKmhVddm_HxLnCw/edit?usp=sharing,Lesson Resource,4
act3,unit-4,lesson-3,Lesson Plan,https://docs.google.com/document/d/13KU-Z09M6RbdlMoe-oPfGepmZiNK6PU-vMTRS2K9MXw/edit?usp=sharing,Lesson Resource,1
act3,unit-4,lesson-3,Slide Deck,https://docs.google.com/presentation/d/1kAeh79RiIPAQlK2v_z2xZyku0dn71e4ZFa2UHzTUqe0/edit#slide=id.g1f631a9d336_0_0,Lesson Resource,2
act3,unit-4,lesson-3,Student Workbook,https://docs.google.com/presentation/d/1FKkAjWcCa1QWtHsA8CiJPN1GKYTeeB5B5WaiMguqzYw/edit?usp=sharing,Lesson Resource,3
act3,unit-4,lesson-3,Presentación en Español,https://docs.google.com/presentation/d/1bEWFKJXszeMtCw8sZyattHcT8nb0HapoU4SJqSe45ig/edit?usp=sharing,Lesson Resource,4
act3,unit-4,lesson-4,Lesson Plan,https://docs.google.com/document/d/1Fd8U9MiDSdJng2r-8S_UgRYskj9xCRkTsCGmP68Uvno/edit?usp=sharing,Lesson Resource,1
act3,unit-4,lesson-4,Slide Deck,https://docs.google.com/presentation/d/1tl-OuXUn1mZDKqft1Z5vccW8b-9rOS4-yFaHYMI1HL8/edit#slide=id.g1f631a9d336_0_0,Lesson Resource,2
act3,unit-4,lesson-4,Student Workbook,https://docs.google.com/presentation/d/1Skn89WN512hz5gt8an89BfGVgfcPHNgbMzkW12q3Eoc/edit?usp=sharing,Lesson Resource,3
act3,unit-4,lesson-4,Presentación en Español,https://docs.google.com/presentation/d/1DgA4TGTfl_0LXgLNTOgc326Xml0-VMHQHWOJDTptIHs/edit?usp=sharing,Lesson Resource,4
act3,unit-4,lesson-5,Lesson Plan,https://docs.google.com/document/d/1GbqWS7riI2Xf-IR47XoIpK6ULBagCiR00swo_KMka8c/edit?usp=sharing,Lesson Resource,1
act3,unit-4,lesson-5,Slide Deck,https://docs.google.com/presentation/d/1krtzvYXj53Ph7C2cgiyIrP-po54Dao0AefcmyffAIFU/edit#slide=id.g1f631a9d336_0_0,Lesson Resource,2
act3,unit-4,lesson-5,Student Workbook,https://docs.google.com/presentation/d/1VsK7dYmio7KuImwIzyZYEPbEiGpWP48jkUTGSBkz3F0/edit?usp=sharing,Lesson Resource,3
act3,unit-4,lesson-5,Presentación en Español,https://docs.google.com/presentation/d/1UoiF0iBPEar-VCoBsuNlLjtZ_RmD9oxNaD9LFhxktDs/edit?usp=sharing,Lesson Resource,4
act3,unit-4,lesson-6,Lesson Plan,https://docs.google.com/document/d/1f4HdiEr9nfkimULqGJDROqt7vwBSndF2Vnuul6SuUNQ/edit?usp=sharing,Lesson Resource,1
act3,unit-4,lesson-6,Slide Deck,https://docs.google.com/presentation/d/1qhWMjxjwSl8GdANt1jof_wtNUKrKxf6zTFIiohGvjTk/edit?usp=sharing,Lesson Resource,2
act3,unit-4,lesson-6,Student Workbook,https://docs.google.com/presentation/d/14PdnOzVKQpZt_QiJz0F_cN-Dlu3cP5CDEUkkdhiPmyk/edit?usp=sharing,Lesson Resource,3
act3,unit-4,lesson-6,Presentación en Español,https://docs.google.com/presentation/d/1xvw_HDnqIirY_jmdi4GaCDr7T4hUYm9fMewoltKlcVY/edit?usp=sharing,Lesson Resource,4
act3,unit-5,__unit__,Workbook U.5,https://docs.google.com/presentation/d/1rhRGV2_0Ckl8MYXiLWsMqDEgm3sRN-xNPuC3VU1dTqg/edit?usp=drive_link,Unit Resource,1
act3,unit-5,__unit__,WB U.5 Spanish,https://docs.google.com/presentation/d/19OCLnFEv14jdTzBGXjJr4t_arY5tLxlDv4SrCWirfxY/edit?usp=drive_link,Unit Resource,2
act3,unit-5,__unit__,Unit Overview,https://docs.google.com/document/d/1UeZiz57bDi9LE4mN9hR_YAvkMrW2cFMu8SQGMYimlg4/edit?usp=sharing,Unit Resource,3
act3,unit-5,lesson-1,Lesson Plan,https://docs.google.com/document/d/1XK4FVGZ6BQk1_gbkN5vOVc3Pssal6PEykMW1iVuerx8/edit,Lesson Resource,1
act3,unit-5,lesson-1,Slide Deck,https://docs.google.com/presentation/d/1cAoejWA9jXoijnpBx06JpVFgH0zccDZslio8HiyYOYI/edit?usp=sharing,Lesson Resource,2
act3,unit-5,lesson-1,Student Workbook,https://docs.google.com/presentation/d/1beDd6sSgB-rvp0fe_wtfAJ6g94rA6Rqx3-8qdfiwJfg/edit?usp=sharing,Lesson Resource,3
act3,unit-5,lesson-1,Presentación en Español,https://docs.google.com/presentation/d/1jSJKw4Tk8z-Jol4Oy17OUusaNVGc7BE7XVLMsH5_Ii0/edit?usp=sharing,Lesson Resource,4
act3,unit-5,lesson-2,Lesson Plan,https://docs.google.com/document/d/1UHfPne2BHG561RR1ktYonZ20-8NlauG0ACs8uOV1lck/edit?usp=sharing,Lesson Resource,1
act3,unit-5,lesson-2,Slide Deck,https://docs.google.com/presentation/d/1IxgWcVZdjArl62GBp7hc-PvDAaOzgseITcdVw034f8w/edit?usp=drive_link,Lesson Resource,2
act3,unit-5,lesson-2,Student Workbook,https://docs.google.com/presentation/d/14IjG7TAJL8cDz1qjIXP5VeDiO5tmHOkv8eguOJJYPYU/edit?usp=drive_link,Lesson Resource,3
act3,unit-5,lesson-2,Presentación en Español,https://docs.google.com/presentation/d/1DQFRM24MW8COeT2uc_vsf_nbd4L_cUVUUVb5OqZ2CbQ/edit?usp=sharing,Lesson Resource,4
act3,unit-5,lesson-3,Lesson Plan,https://docs.google.com/document/d/1hrhB3kEM_eKpxWsruif6e_hEf0rofs6W4HoGJEneiys/edit?usp=drive_link,Lesson Resource,1
act3,unit-5,lesson-3,Slide Deck,https://docs.google.com/presentation/d/1K-cZUocp9CoAuvtW8J_ch0o0aSJqjsc6JPpcLV3n6rI/edit?usp=drive_link,Lesson Resource,2
act3,unit-5,lesson-3,Student Workbook,https://docs.google.com/presentation/d/1cevtsyQnfiFciMsCXH6dS4xWABfyjN5JBXjVCUekiok/edit?usp=drive_link,Lesson Resource,3
act3,unit-5,lesson-3,Presentación en Español,https://docs.google.com/presentation/d/1vBGqvEZbX0VTUIKaJeADQru2N4sCfM6_op03YbiUsws/edit?usp=sharing,Lesson Resource,4
act3,unit-5,lesson-4,Lesson Plan,https://docs.google.com/document/d/1-XGpzhwxYVdexJpPqiX3rjoL0ISmT2xklJiuW9yp9lI/edit?usp=sharing,Lesson Resource,1
act3,unit-5,lesson-4,Slide Deck,https://docs.google.com/presentation/d/1meAsaMP38WkN_bymXPZYmPNdwD8HH_lDHmDMsx0gNPI/edit#slide=id.g1f631a9d336_0_0,Lesson Resource,2
act3,unit-5,lesson-4,Student Workbook,https://docs.google.com/presentation/d/1fUozzncHlFax5BFNDrvaKnSRHd9Cdh44mt09M9vvfAo/edit?usp=sharing,Lesson Resource,3
act3,unit-5,lesson-4,Presentación en Español,https://docs.google.com/presentation/d/1YbRTWiv_1DVrFrWHybhU1lBW0E8Uk3QNSmdTiMPauzw/edit?usp=sharing,Lesson Resource,4
act3,unit-5,lesson-4,Feedback Form,https://bit.ly/ECforALLfeedback,Lesson Resource,5
act4,unit-0,__unit__,ACT3 Scratch Basics Reference,https://docs.google.com/document/d/1Gsdo5y_ohmdidlQgxFTgJY7LQIU5xycH6FO9A-44U_A/edit?usp=sharing,Unit Resource,1
act4,unit-0,__unit__,ACT3 Variables and Functions Reference,https://docs.google.com/document/d/1mXMDOa7yzjNWfQm0l5J15lzTJgKVMWzTOtUPQz7krtY/edit?tab=t.0,Unit Resource,2
act4,unit-0,lesson-1,ACT3 Scratch Setup Reference,https://docs.google.com/document/d/15NSxM200vuhEgfgfDZcIbaSur6nOcmuAH3e6bIMUweo/edit,Lesson Resource,1
act4,unit-0,lesson-2,ACT3 Sequence and Events Reference,https://docs.google.com/document/d/1Cl5co3-e3VW3FqUW1BFB5S3t1KDS_ay836bUrMCEl4k/edit,Lesson Resource,1
act4,unit-0,lesson-3,ACT3 Loops and Animation Reference,https://docs.google.com/document/d/15xnDMg-S6-qs4iQsVaYgz-tKtuZ9FTv00aKdyBQGKk0/edit,Lesson Resource,1
act4,unit-0,lesson-4,ACT3 Variables Reference,https://docs.google.com/document/d/1kMdG429A2qyxZL-tjA-4kJbtToOMVtl8FQVStryu_AA/edit,Lesson Resource,1
act4,unit-0,lesson-5,ACT3 Conditionals Reference,https://docs.google.com/document/d/1YMfWyoldnb0cw07_72GNlW8y3ZcyCWXVTmhtKUvlzDU/edit,Lesson Resource,1
act4,unit-0,lesson-5,ACT3 Functions Reference,https://docs.google.com/document/d/1NxEwajhG6NjWiXIe2mxJHLav0z4asRunZtHZ_xUiKqo/edit,Lesson Resource,2
act4,unit-1,lesson-1,Lesson Plan,https://docs.google.com/document/d/1G5ceUonpOiQWpGY0met3plQohD5jBu0VWE4UF9ydaxg/edit?tab=t.0,Lesson Resource,1
act4,unit-1,lesson-1,Slide Deck,https://docs.google.com/presentation/d/1Kv5YRjAZhalFTMzyd4x6QJA77ktAS3qONHxkmbK-K8g/edit?slide=id.g370eec1d6bc_0_161#slide=id.g370eec1d6bc_0_161,Lesson Resource,2
act4,unit-1,lesson-1,Workbook,https://docs.google.com/presentation/d/1B4EXKpZfzUUbcREnImRos6wKTmE_VO04oou2B9Ehzdc/edit?slide=id.g39e6c292ef5_0_94#slide=id.g39e6c292ef5_0_94,Lesson Resource,3
act4,unit-1,lesson-2,Lesson Plan,https://docs.google.com/document/d/1ZiLha7ka-FlcTehiKXbmlJoSRRFGS0KEDqzKPPCNb2o/edit?tab=t.0,Lesson Resource,1
act4,unit-1,lesson-2,Slide Deck,https://docs.google.com/presentation/d/1Xy_f7BWLPElsQ-ahUmFV-piZGNl9VH8XplQ2btxd1pY/edit?usp=sharing,Lesson Resource,2
act4,unit-1,lesson-2,Workbook,https://docs.google.com/presentation/d/1ssz4HmqG2mG82pJpeowVoUQAIqEHBgfyutYliindKf8/edit?slide=id.g39e6c292ef5_0_288#slide=id.g39e6c292ef5_0_288,Lesson Resource,3
act4,unit-1,lesson-3,Lesson Plan,https://docs.google.com/document/d/12ObXnKhgx5cETwVh75urMyYtn-V0Ribo/edit?usp=sharing&ouid=109262387825299796179&rtpof=true&sd=true,Lesson Resource,1
act4,unit-1,lesson-3,Slide Deck,https://docs.google.com/presentation/d/10LJScECLX1Qv5SpFpyljqaJRGyAMdl9Rf5HRcNZwvJo/edit?usp=sharing,Lesson Resource,2
act4,unit-1,lesson-3,Workbook,https://docs.google.com/presentation/d/1Fy3mi7u-zU7Z2zqbsk3iJhX1sCxwTxdY5F1h8rxpG5o/edit?usp=sharing,Lesson Resource,3
act4,unit-1,lesson-4,Lesson Plan,https://docs.google.com/document/d/1UqIc1uOofvM4jRvWuYaGN8NTPMAiMHcmoUsYa9xPPIw/edit?usp=drivesdk,Lesson Resource,1
act4,unit-1,lesson-4,Slide Deck,https://docs.google.com/presentation/d/171naB7Hma-vqdGv62AN9SHlEyZUQuGFvMZ5UQ-8d9ZY/edit?usp=sharing,Lesson Resource,2
act4,unit-1,lesson-4,Workbook,https://docs.google.com/presentation/d/1nP6j3ZIsXqMpQosrkhLdczr-TuBfRioiI1RrBJNSVnA/edit?slide=id.g39e6c292ef5_0_288#slide=id.g39e6c292ef5_0_288,Lesson Resource,3
act4,unit-2,lesson-1,Lesson Plan,https://docs.google.com/document/d/1n7mc4yHH3g_VPtNsI1uIIaecrsBiwBSadwogBitiGq8/edit?tab=t.0,Lesson Resource,1
act4,unit-2,lesson-1,Slide Deck,https://docs.google.com/presentation/d/1o8nx-owH9UMspjl0kC3piMslhRuXg_NKJvBikh-Cbgg/edit?usp=drivesdk,Lesson Resource,2
act4,unit-2,lesson-1,Workbook,https://docs.google.com/presentation/d/1QdTU0NFTBxt2ijPFPe2lv1AYWbm6hPV1C4rzkFj8sr4/edit?slide=id.g39e6c292ef5_0_94#slide=id.g39e6c292ef5_0_94,Lesson Resource,3
act4,unit-2,lesson-2,Lesson Plan,https://docs.google.com/document/d/1bZuqhWrl5gfYLrf24RSdbiIx4sRA9MqUg0slZcREGO0/edit?usp=drivesdk,Lesson Resource,1
act4,unit-2,lesson-2,Slide Deck,https://docs.google.com/presentation/d/10QIIUYjUx4-fMd0uR8GX-cdjFeZev9R7LrNmgLcmvc0/edit?usp=drivesdk,Lesson Resource,2
act4,unit-2,lesson-2,Workbook,https://docs.google.com/presentation/d/1jhQUqptqytIX90ZBtY3GsG_FQDmKR2oAAlDDLH_KN0E/edit?usp=sharing,Lesson Resource,3
act4,unit-2,lesson-3,Lesson Plan,https://docs.google.com/document/d/1jzHFxMM7vvytxPLNA7yoDt1w6pCx2u4D/edit?usp=sharing&ouid=109262387825299796179&rtpof=true&sd=true,Lesson Resource,1
act4,unit-2,lesson-3,Slide Deck,https://docs.google.com/presentation/d/16mUuG10MKUSO7mF291JwIXy4XEzhT30npzl6bbWFk2U/edit?usp=drivesdk,Lesson Resource,2
act4,unit-2,lesson-3,Solution Project,https://play.creaticode.com/projects/679bebc2e83001fc08db8aaa,Lesson Resource,3
act4,unit-2,lesson-4,Lesson Plan,https://docs.google.com/document/d/1ujibBazK7iMqEO0f78am8HZncHKkOVQj8lXfz01byVY/edit?usp=drive_link,Lesson Resource,1
act4,unit-2,lesson-4,Slide Deck,https://docs.google.com/presentation/d/1gJ2AXovzZiOWKHAFgDUi3XjhK_HqpmWAszc_ExYtRWw/edit?usp=drivesdk,Lesson Resource,2
act4,unit-2,lesson-4,Workbook,https://docs.google.com/presentation/d/1ik4Z3FIPdS5xcdj-RvrO2fTlVDYfhpkoMR0ZkuTpw-U/edit?usp=sharing,Lesson Resource,3
act4,unit-2,lesson-5,Lesson Plan,https://docs.google.com/document/d/1eGZTjC21gfEGIssp1bMSiQx4futK31nMNam3qgbyQx8/edit?tab=t.0,Lesson Resource,1
act4,unit-2,lesson-5,Slide Deck,https://docs.google.com/presentation/d/1wTilUnZYMYtl-kMTtBgM_GygmDOTKFXjTSO13w7qEWI/edit?usp=drivesdk,Lesson Resource,2
act4,unit-2,lesson-5,Workbook,https://docs.google.com/presentation/d/19hBR98mLh1q6w6wuvnCJh2WTfY5qrxJ_2c35tRQ3kCo/edit?slide=id.g3f04dd900b3_0_0#slide=id.g3f04dd900b3_0_0,Lesson Resource,3
act4,unit-2,lesson-6,Lesson Plan,https://docs.google.com/document/d/1GrpOVaYuFajiqb83V_wDYJ54PygKWRhs/edit?usp=sharing&ouid=114084727263755081301&rtpof=true&sd=true,Lesson Resource,1
act4,unit-2,lesson-6,Slide Deck,https://docs.google.com/presentation/d/1eH2Nar08uj8ojLvtDnLMqruYIfz3BGbPp1NBXjFT-wI/edit?usp=drivesdk,Lesson Resource,2
act4,unit-2,lesson-6,Workbook,https://docs.google.com/presentation/d/1c9MRkswKqey4qRQlf7vHvuQ0H1tcq3G2j3JSyPcrBfg/edit?usp=sharing,Lesson Resource,3
act4,unit-2,lesson-7,Lesson Plan,https://docs.google.com/document/d/1P73hJgWCQcBe3rHJEKZfcr7AVBMZ9-CAOV37kmoGnMk/edit?usp=drive_link,Lesson Resource,1
act4,unit-2,lesson-7,Slide Deck,https://docs.google.com/presentation/d/1pZSjRJQnMCXKZlz0YmTJyMHexcG_eJK_6k5T0zhfukQ/edit?usp=drivesdk,Lesson Resource,2
act4,unit-2,lesson-7,Workbook,https://docs.google.com/presentation/d/1XfgxSFB7Xw0Fr-xzbCz6_waISpE9rVOBblS-YDbD3MQ/edit?slide=id.g3ef68761fb4_2_71#slide=id.g3ef68761fb4_2_71,Lesson Resource,3
act4,unit-2,optional-1,Lesson Plan,https://docs.google.com/document/d/1QraVVsdGcdtU7zpgq2OqfZpzcqGi51cAxne97M1R7Hw/edit?usp=drive_link,Lesson Resource,1
act4,unit-2,optional-1,Slide Deck,https://docs.google.com/presentation/d/1RmAG9TbqluJSI7vkoW74MC396mZB3f0etXnCYQYKeEU/edit?usp=drivesdk,Lesson Resource,2
act4,unit-2,optional-2,Lesson Plan,https://docs.google.com/document/d/1O0SzdhELKiAcsM8S_QTiMfMAd5xhgnitc51Pvc6HkRA/edit?usp=drive_link,Lesson Resource,1
act4,unit-2,optional-2,Slide Deck,https://docs.google.com/presentation/d/1u3mBuf1sduzoJMtMx5ORCpA19i54p5QICswJ4A7RBN8/edit?usp=drivesdk,Lesson Resource,2
act4,unit-2,lesson-8,Lesson Plan,https://docs.google.com/document/d/1TEvtYhSLT37RgVCCrNFwIJR4Br3oi-nv0Z716iFAiDI/edit?usp=drive_link,Lesson Resource,1
act4,unit-2,lesson-8,Slide Deck,https://docs.google.com/presentation/d/1Ni7yKaO8Gj2xmE4iqhTbUIxYT4ZuoAxoWyc-1oC3Qb4/edit?usp=drivesdk,Lesson Resource,2
act4,unit-3,lesson-1,Lesson Plan,https://docs.google.com/document/d/17AA115-k3a6jUtzAcGYk-RSf_TREtYk8NJE7l6uBnOA/edit?usp=drive_link,Lesson Resource,1
act4,unit-3,lesson-1,Slide Deck,https://docs.google.com/presentation/d/1bNccPEiNS-ZVsK6IydAbtAqEEgQD0fZIrYS0WTjmyI8/edit?usp=drive_link,Lesson Resource,2
act4,unit-3,lesson-2,Lesson Plan,https://docs.google.com/document/d/1JtGQgKnfSXYU7B3K9vONjLeLyawAFk4grwH094KkGaw/edit?usp=drive_link,Lesson Resource,1
act4,unit-3,lesson-2,Slide Deck,https://docs.google.com/presentation/d/1uXbUroE719WLKqcXlQUEB-GauXbMTdsW2zbqwyJViWU/edit?usp=drivesdk,Lesson Resource,2
act4,unit-3,lesson-2,Solution Project,https://play.creaticode.com/projects/679d1a356de32452ca3c0e9f,Lesson Resource,3
act4,unit-3,lesson-3,Lesson Plan,https://docs.google.com/document/d/1neWu4wlNFtg9ou7gA7K8-5FOGpXVzv_g/edit?usp=sharing&ouid=109262387825299796179&rtpof=true&sd=true,Lesson Resource,1
act4,unit-3,lesson-3,Slide Deck,https://docs.google.com/presentation/d/1vsET-yyk4rgjsGX7I7eGobeI2P0YGU5iIChdwiFGZo0/edit?usp=drivesdk,Lesson Resource,2
act4,unit-3,lesson-3,Workbook,https://docs.google.com/presentation/d/1r29wCIR4wiO1LqGt4Otr2mF4yrYhMwcsZiVA1_eLlmQ/edit?usp=sharing,Lesson Resource,3
act4,unit-3,lesson-3,Solution Project,https://play.creaticode.com/projects/1ca634e4193e2b27500be13e,Lesson Resource,4
act4,unit-3,lesson-4,Lesson Plan,https://docs.google.com/document/d/1G2F2vUqYfZJwNZQR_HP8nL2VVk_kI0MdfOlKe3EV8B0/edit?usp=drive_link,Lesson Resource,1
act4,unit-3,lesson-4,Slide Deck,https://docs.google.com/presentation/d/19TvED05H_SI6jhXknqfaIiOsf23d1ZpJgRhbXt7ifs8/edit?usp=drivesdk,Lesson Resource,2
act4,unit-3,lesson-4,Reference Project,https://play.creaticode.com/projects/1ca634e4193e2b27500be13e,Lesson Resource,3
act4,unit-3,lesson-4,Solution Project,https://play.creaticode.com/projects/68c0a6878e6db3033c7b5fa5,Lesson Resource,4
act4,unit-3,lesson-5,Lesson Plan,https://docs.google.com/document/d/1ftm88o9SGrPrfatJEwnuP1XzYXTUjZaPkwkNGUvBE9k/edit?usp=drive_link,Lesson Resource,1
act4,unit-3,lesson-5,Slide Deck,https://docs.google.com/presentation/d/1ZgTv9JDnop8fAf93omqdlm5eQZoawyK6WoPZBETcfyA/edit?usp=drivesdk,Lesson Resource,2
act4,unit-3,lesson-5,Solution Project,https://play.creaticode.com/projects/68c17b677bff4359b886ee4d,Lesson Resource,3
act4,unit-3,lesson-6,Lesson Plan,https://docs.google.com/document/d/1UMOVq2VI046BQWwGoAUZd-PMAZ_c6RSFgpsVObNbi0g/edit?usp=drive_link,Lesson Resource,1
act4,unit-3,lesson-6,Slide Deck,https://docs.google.com/presentation/d/17hninrfDysQ6UJz59oY6jLDRpB3BxYwLyBgQBgT6QWY/edit?usp=drivesdk,Lesson Resource,2
act4,unit-3,optional-1,Lesson Plan,https://docs.google.com/document/d/1a1B9uyyKlmu_pIkoivtRHs98ndcH9vuDejPFvwSs0uA/edit?usp=drive_link,Lesson Resource,1
act4,unit-3,optional-1,Slide Deck,https://docs.google.com/presentation/d/1tJl2BrTZMn7Fepc9LsajxUquDvrNlKwGgrga0DSvZzs/edit?usp=drivesdk,Lesson Resource,2
act4,unit-3,optional-1,Solution Project,https://play.creaticode.com/projects/6806f295c5466923fb738059,Lesson Resource,3
act4,unit-3,lesson-7,Lesson Plan,https://docs.google.com/document/d/1jZeZm1gwMCL_tBy-nROXbaupAeC7WsW_/edit?usp=sharing&ouid=114084727263755081301&rtpof=true&sd=true,Lesson Resource,1
act4,unit-3,lesson-7,Slide Deck,https://docs.google.com/presentation/d/1Jz92I80D2_eACHDoLdCwan8jFwwECi7xj2WSnYggsx0/edit?usp=drivesdk,Lesson Resource,2
act4,unit-3,lesson-7,Solution Project,https://play.creaticode.com/projects/f186e0592541a61985cc7e28,Lesson Resource,3
act4,unit-3,lesson-8,Lesson Plan,https://docs.google.com/document/d/1qd6bVSFMsJ53CJ_VaNvR4ViPU5mHt6JHju35Qix70aQ/edit?usp=drive_link,Lesson Resource,1
act4,unit-3,lesson-8,Slide Deck,https://docs.google.com/presentation/d/1_PmznnhWlAAhiEJ7r4ooOdeVu-oj3NQs61CERwqds74/edit?usp=drivesdk,Lesson Resource,2
act4,unit-3,lesson-8,Solution Project,https://play.creaticode.com/projects/b5f3af143c883d7a670b2997,Lesson Resource,3
act4,unit-3,optional-2,Lesson Plan,https://docs.google.com/document/d/1XTe1Cd3dFvLOV9Zj_O-td9eoX7eAvb5fpWwtYsi9JZg/edit?usp=drive_link,Lesson Resource,1
act4,unit-3,optional-2,Slide Deck,https://docs.google.com/presentation/d/1D-WWR8VraW9qTPNRbC2jeJLdduPEiOvNkBjGIjwcrZI/edit?usp=drivesdk,Lesson Resource,2
act4,unit-3,optional-2,Solution Project,https://play.creaticode.com/projects/679ec98e69f04bc3c7cbc939,Lesson Resource,3
act4,unit-3,optional-3,Lesson Plan,https://docs.google.com/document/d/1HpZQsLFXPpeDuuMwDVqvR2FhQ6kVE34zSNYmxUcatGU/edit?usp=drive_link,Lesson Resource,1
act4,unit-3,optional-3,Slide Deck,https://docs.google.com/presentation/d/113Onn63Mg5QdEHnJaqYHggED_74kT4J61rT04_TPo4g/edit?usp=drivesdk,Lesson Resource,2
act4,unit-3,optional-3,Solution Project,https://play.creaticode.com/projects/143176091fb043456a4c7b4d,Lesson Resource,3
act4,unit-3,optional-4,Lesson Plan,https://docs.google.com/document/d/1L-ajXzKAU6ZP3UHAh8o-IaomxIt6nf_hyI-p-yItnlo/edit?usp=drive_link,Lesson Resource,1
act4,unit-3,optional-4,Slide Deck,https://docs.google.com/presentation/d/1x2lmdiICKWLd_rNAiFeQmIPpT6aGGwKUvpwPGqCRfyg/edit?usp=drivesdk,Lesson Resource,2
act4,unit-3,optional-4,Solution Project,https://play.creaticode.com/projects/678fcc819b520d9b57c8323a,Lesson Resource,3
act4,unit-3,optional-5,Lesson Plan,https://docs.google.com/document/d/13-eJPYRv5s4XV0zuzcE5A7LBH_zRiuhnKJuC5_3nV5s/edit?usp=drive_link,Lesson Resource,1
act4,unit-3,optional-5,Slide Deck,https://docs.google.com/presentation/d/1KAlZcfMf79bRXWcYxt0Jrf2YzEmtZccYi2AwxKqdFAo/edit?usp=drivesdk,Lesson Resource,2
act4,unit-3,optional-5,Reference Project,https://play.creaticode.com/projects/31abbb3f6b05f826173310d1,Lesson Resource,3
act4,unit-3,optional-5,Solution Project,https://play.creaticode.com/projects/5d9b7fbbcfecf4d537df8eb8,Lesson Resource,4
act4,unit-3,lesson-9,Lesson Plan,https://docs.google.com/document/d/1W0Qw6tjjivow_Yoq5ZqhhsLHhOdJlWNk5bLol0oj7U8/edit?usp=drive_link,Lesson Resource,1
act4,unit-3,lesson-9,Slide Deck,https://docs.google.com/presentation/d/1NOmpwWd2lqucwEk5Q9OTVHfyqFlVUBFgZCu56hLanfQ/edit?usp=drivesdk,Lesson Resource,2
act4,unit-4,lesson-1,Lesson Plan,https://docs.google.com/document/d/19cWMw_uFLjRTHNmUMy6CXmwvJqUGKKCRIwE5krWFlYg/edit?usp=drive_link,Lesson Resource,1
act4,unit-4,lesson-1,Slide Deck,https://docs.google.com/presentation/d/1DQpnmqKDS-LLcjQVAq6AyyTBEY6YiEM4qSkTLeOcIc0/edit?usp=drivesdk,Lesson Resource,2
act4,unit-4,lesson-1,Solution Project,https://play.creaticode.com/projects/680ed0f5955fd2f624f5ede7,Lesson Resource,3
act4,unit-4,lesson-2,Lesson Plan,https://docs.google.com/document/d/1EhjeutMMLXk31R6YbJwjwIphaL2NAf745icnDHuhlkU/edit?usp=drive_link,Lesson Resource,1
act4,unit-4,lesson-2,Slide Deck,https://docs.google.com/presentation/d/12kTmeZ6V6P7wbLoLmA6ur3gsnYMFV4_9eFBEeHVHeI4/edit?usp=drivesdk,Lesson Resource,2
act4,unit-4,lesson-2,Solution Project,https://play.creaticode.com/projects/67a265b67b46e6c9fc9e0415,Lesson Resource,3
act4,unit-4,lesson-3,Lesson Plan,https://docs.google.com/document/d/1s1SafkcofYt2aF4gOEI22AGoZ7B_xBg1njVZDcP9YQQ/edit?usp=drive_link,Lesson Resource,1
act4,unit-4,lesson-3,Slide Deck,https://docs.google.com/presentation/d/1682EkX02UfkyfSMCrQ0bXl43na3_qeDYHy5AtHh6TGM/edit?usp=drivesdk,Lesson Resource,2
act4,unit-4,lesson-3,Solution Project,https://play.creaticode.com/projects/662fd189af2b57d41a397bc1,Lesson Resource,3
act4,unit-4,lesson-4,Lesson Plan,https://docs.google.com/document/d/1MfHBdEv7eOpW1Scije27iLv9zXAs5h6MSd3jsAdLVgI/edit?usp=drive_link,Lesson Resource,1
act4,unit-4,lesson-4,Slide Deck,https://docs.google.com/presentation/d/1tseC4eDx3enHF1-dwDDsUkT9bp_cfTEGUqxV169PY24/edit?usp=drivesdk,Lesson Resource,2
act4,unit-4,lesson-4,Solution Project,https://play.creaticode.com/projects/80060e265ad55b85e4ba0247,Lesson Resource,3
act4,unit-4,lesson-5,Lesson Plan,https://docs.google.com/document/d/1qup9qkR3IHAvSdyxFR-pze3IuL6SrK_NeWsIoywzZ5o/edit?usp=drive_link,Lesson Resource,1
act4,unit-4,lesson-5,Slide Deck,https://docs.google.com/presentation/d/1apwooFCz6MCaIJ4h2HUjEAjn1eRDP85YKVEtZK4NNh4/edit?usp=drivesdk,Lesson Resource,2
act4,unit-4,lesson-5,Solution Project,https://play.creaticode.com/projects/672c42853af9a608b8a53f66,Lesson Resource,3
act4,unit-4,lesson-6,Lesson Plan,https://docs.google.com/document/d/1zZlvwzOPm07nCRJdCM_JuHjVGjB9kZcD0NmkD8RX6oc/edit?usp=drive_link,Lesson Resource,1
act4,unit-4,lesson-6,Slide Deck,https://docs.google.com/presentation/d/1MplLOCWYtRp8_fuPfYOUhC3o7IZEGCvsCsr-GQzlr9Y/edit?usp=drivesdk,Lesson Resource,2
act4,unit-4,lesson-7,Lesson Plan,https://docs.google.com/document/d/1d8lH-kRsvC3orvKcEifUWA9197wWLGFmu65--_nBp_w/edit?usp=drive_link,Lesson Resource,1
act4,unit-4,lesson-7,Slide Deck,https://docs.google.com/presentation/d/1GanjEJng5d7OjMp7-NzZIsO3u2cxor0z8wil9g0KvjI/edit?usp=drivesdk,Lesson Resource,2
act4,unit-4,lesson-7,Solution Project,https://play.creaticode.com/projects/65f82ab824cdb503aeb8b231,Lesson Resource,3
act4,unit-4,optional-1,Lesson Plan,https://docs.google.com/document/d/1EBaegekk5FzHLXpA7o-JPdbN5UjAKf1rszmsdIZmlPw/edit?usp=drive_link,Lesson Resource,1
act4,unit-4,optional-1,Slide Deck,https://docs.google.com/presentation/d/1kPU4D0P06C4XUeK5OXEcjeFyeUXVcb8ZlqxMXACoatM/edit?usp=drivesdk,Lesson Resource,2
act4,unit-4,optional-1,Solution Project,https://play.creaticode.com/projects/6b2f54fd77d213001f4df123,Lesson Resource,3
act4,unit-4,optional-2,Lesson Plan,https://docs.google.com/document/d/1oHx_QS09BLOC80xvXSuaYuTG2p3TIv2Mu1henxZcJLc/edit?usp=drive_link,Lesson Resource,1
act4,unit-4,optional-2,Slide Deck,https://docs.google.com/presentation/d/1UQVem3jXMTYZsGPGch3O-_WAzwROnifaPHoBMRiF6I0/edit?usp=drivesdk,Lesson Resource,2
act4,unit-4,optional-2,Solution Project,https://play.creaticode.com/projects/433d15c72a88f966c49a41b9,Lesson Resource,3
act4,unit-4,lesson-8,Lesson Plan,https://docs.google.com/document/d/1jist4Iy6Jn-Ff202QrvI9AlfJS6-WAvZhCy7GqZ3huY/edit?usp=drive_link,Lesson Resource,1
act4,unit-4,lesson-8,Slide Deck,https://docs.google.com/presentation/d/1NBPPXWqiEeYPywAHW9SufDNF2GLtsjSqMQf7TrZ1xYo/edit?usp=drivesdk,Lesson Resource,2
act4,unit-5a,lesson-1,Lesson Plan,https://docs.google.com/document/d/18HLDsr48cbS5xV_ZS14gnUVcQRZ5iSCgz0AHZi8L0uA/edit?usp=drive_link,Lesson Resource,1
act4,unit-5a,lesson-1,Slide Deck,https://docs.google.com/presentation/d/1wmJMJuKWguLFfqVHTE9E1s-uCcO3J_g0gCis70o1r2w/edit?usp=drivesdk,Lesson Resource,2
act4,unit-5a,lesson-1,Reference Project,https://play.creaticode.com/projects/ca4bbe666a1934bab795661b,Lesson Resource,3
act4,unit-5a,lesson-1,Solution Project,https://play.creaticode.com/projects/e0fe99bf427a68bdde27e253,Lesson Resource,4
act4,unit-5a,lesson-2,Lesson Plan,https://docs.google.com/document/d/1FKHXRiCLbWw6oMXif2nYU_qP6HsoY8QCxPVJVXBK8MY/edit?usp=drive_link,Lesson Resource,1
act4,unit-5a,lesson-2,Slide Deck,https://docs.google.com/presentation/d/1OinDLz2aECMRABjTdTPzRSPm8mUjlIe0so4LcH67llA/edit?usp=drivesdk,Lesson Resource,2
act4,unit-5a,lesson-2,Solution Project,https://play.creaticode.com/projects/67829ce44939b8230bdebb2d,Lesson Resource,3
act4,unit-5a,lesson-3,Lesson Plan,https://docs.google.com/document/d/1HK2rx6pzR45w2qVo8QhpEEUnPguQEtaVNoBM_YrHKsc/edit?usp=drive_link,Lesson Resource,1
act4,unit-5a,lesson-3,Slide Deck,https://docs.google.com/presentation/d/1SJJU8J8emWYC8dOqqIT-LNVccC764eGgXKjVIepYgKU/edit?usp=drivesdk,Lesson Resource,2
act4,unit-5a,lesson-3,Reference Project,https://play.creaticode.com/projects/6531b7e60fdce080a4481c1d,Lesson Resource,3
act4,unit-5a,lesson-3,Solution Project,https://play.creaticode.com/projects/68d4a958169662779dec8ba9,Lesson Resource,4
act4,unit-5a,lesson-4,Lesson Plan,https://docs.google.com/document/d/1jf90ivLrE2rkhk8PN8VGiC_4Az4fNNcvpi4skxYt5s0/edit?usp=drive_link,Lesson Resource,1
act4,unit-5a,lesson-4,Slide Deck,https://docs.google.com/presentation/d/14Bt-5gMYAn_K3AAz0_ClKH7uGY8k6humo6Dk26u-8Hs/edit?usp=drivesdk,Lesson Resource,2
act4,unit-5a,lesson-4,Solution Project,https://play.creaticode.com/projects/67204a1fb0ddead366817cf8,Lesson Resource,3
act4,unit-5a,optional-1,Lesson Plan,https://docs.google.com/document/d/1AqY6OQqOAVyp8zvq0V8sQ7aTimC40s-J88vnytNSYPU/edit?usp=drive_link,Lesson Resource,1
act4,unit-5a,optional-1,Slide Deck,https://docs.google.com/presentation/d/1A5KSvFS66BVvZxWTltrFTRL8XHsODzipNsKIDxePqw8/edit?usp=drivesdk,Lesson Resource,2
act4,unit-5a,optional-1,Reference Project,https://play.creaticode.com/projects/682dad154dba4796824af2a6,Lesson Resource,3
act4,unit-5a,optional-1,Solution Project,https://play.creaticode.com/projects/682d875f4dba4796824ae3bc,Lesson Resource,4
act4,unit-5a,optional-2,Lesson Plan,https://docs.google.com/document/d/1Ler-jojcmRxaumqEoraGh0CcofwUBsjoaH7cCi8fcnY/edit?usp=drive_link,Lesson Resource,1
act4,unit-5a,optional-2,Slide Deck,https://docs.google.com/presentation/d/17yH4fd0opwobx4Qp1KKVejRLz2wm1zxkqFJNrlR5jZA/edit?usp=drivesdk,Lesson Resource,2
act4,unit-5a,optional-2,Solution Project,https://play.creaticode.com/projects/67a5674f31e2c7ac54fd42ed,Lesson Resource,3
act4,unit-5a,optional-3,Lesson Plan,https://docs.google.com/document/d/1K8RWpNW6nkhw-P-KLKmAizZKXFDSx8jGK7mkG7pcTfk/edit?usp=drive_link,Lesson Resource,1
act4,unit-5a,optional-3,Slide Deck,https://docs.google.com/presentation/d/1tVNSHt_xkICwakkMmb-VnfD88xwAkVykoqDl7DNQA0U/edit?usp=drivesdk,Lesson Resource,2
act4,unit-5a,optional-3,Solution Project,https://play.creaticode.com/projects/681e6e24629707bf2266658d,Lesson Resource,3
act4,unit-5a,lesson-5,Lesson Plan,https://docs.google.com/document/d/1FlUXcDy3TtvOviM8mOFyps3MNqxdQw-vqpZV3MCgeAQ/edit?usp=drive_link,Lesson Resource,1
act4,unit-5a,lesson-5,Slide Deck,https://docs.google.com/presentation/d/1lOZRBxa58aPL2uriFD0_fSKpsaDVXZdQwa1iNyyH5N4/edit?usp=drivesdk,Lesson Resource,2
scratch,unit-1,lesson-1,Lesson Plan,https://docs.google.com/document/d/1b5x9s9kk8VF8AHHmHrKnFQZDYzZkJHhjnhBTPEbzx30/edit?usp=share_link,Lesson Resource,1
scratch,unit-1,lesson-1,Slide Deck,https://docs.google.com/presentation/d/12Vv5T2kjeDYDuNhXFN_pop1SjUrj1bgPSximAr3X7MQ/edit?usp=share_link,Lesson Resource,2
scratch,unit-1,lesson-1,Student Workbook,https://docs.google.com/presentation/d/1eeVX55XlKHOLvKCpvv_2SrZvLkGTpTcTCyNy8fBuXl0/edit?usp=share_link,Lesson Resource,3
scratch,unit-1,lesson-1,Lesson Resources,https://drive.google.com/file/d/1Zvrs02PlmdH5fAKiDRAonSV_bG3sydri/view?usp=share_link,Lesson Resource,4
scratch,unit-1,lesson-2,Lesson Plan,https://docs.google.com/document/d/1TDX2J0iyAE3prsIjaGufvAZTMHz5eNBNXzuFWDGSs9Q/edit?usp=share_link,Lesson Resource,1
scratch,unit-1,lesson-2,Slide Deck,https://docs.google.com/presentation/d/10tiC6ypyXK0YfJvClM97wJLcFt5tLYtg/edit?usp=share_link&ouid=108237580068016560674&rtpof=true&sd=true,Lesson Resource,2
scratch,unit-1,lesson-2,Student Workbook,https://docs.google.com/presentation/d/1VDPpC1-HUWI1CRdQUMI8dFOCNClV83wKAJmel95CcmA/edit?usp=share_link,Lesson Resource,3
scratch,unit-1,lesson-2,Lesson Resources,https://drive.google.com/file/d/1rFjaVay4OIkttNipnDVW2o5wUQf3iX5T/view?usp=share_link,Lesson Resource,4
scratch,unit-1,lesson-3,Lesson Plan,https://docs.google.com/document/d/16mC4RWyMTP01ACeKhCELyn-23qpKnH63SRYk7gKhJFw/edit?usp=share_link,Lesson Resource,1
scratch,unit-1,lesson-3,Slide Deck,https://docs.google.com/presentation/d/1QHebvLcPc-rHAEt7WGoGdmFFXPzPjzy1/edit?usp=share_link&ouid=108237580068016560674&rtpof=true&sd=true,Lesson Resource,2
scratch,unit-1,lesson-3,Student Workbook,https://docs.google.com/presentation/d/1qbAzU230pw6MCUBlSg1aYE88EH6Pfp0CeUlGzLpYi4o/edit?usp=share_link,Lesson Resource,3
scratch,unit-1,lesson-3,Lesson Resources,https://drive.google.com/file/d/1z53SpzqXbfdJQy3_Kvx9yeVwdYjKuJYv/view?usp=share_link,Lesson Resource,4
scratch,unit-1,lesson-4,Lesson Plan,https://docs.google.com/document/d/1_SkU2I0n5BcIXQ1XO-mibEqczdNQgUEtCxFOcgbOzko/edit?usp=share_link,Lesson Resource,1
scratch,unit-1,lesson-4,Slide Deck,https://docs.google.com/presentation/d/109ReuNNseObx9fPnlcQ5PG8qLOVJvINn/edit?usp=share_link&ouid=108237580068016560674&rtpof=true&sd=true,Lesson Resource,2
scratch,unit-1,lesson-4,Student Workbook,https://docs.google.com/presentation/d/1t_2T2D-OGLWNH6Fv3kwULHffQDuZ-tysJbLgwvLtU-4/edit?usp=share_link,Lesson Resource,3
scratch,unit-1,lesson-4,Lesson Resources,https://drive.google.com/file/d/1q3s1yqR8TUKXc5i0prhi2t6oaQfqYR_l/view?usp=share_link,Lesson Resource,4
scratch,unit-1,lesson-5,Lesson Plan,https://docs.google.com/document/d/13ko28jDZsraVhmTuLR6kJxuXLPOBp8lLUMfOEJ7GgRY/edit?usp=share_link,Lesson Resource,1
scratch,unit-1,lesson-5,Slide Deck,https://docs.google.com/presentation/d/1Vz5vpUJkYDoiaY16RlFZJ6uEWp5kj-4n/edit?usp=share_link&ouid=108237580068016560674&rtpof=true&sd=true,Lesson Resource,2
scratch,unit-1,lesson-5,Student Workbook,https://docs.google.com/presentation/d/1Mltzv5xLom1dxWmFhFuLLfKte32jc0MtbmG1p2dqxcs/edit?usp=share_link,Lesson Resource,3
scratch,unit-1,lesson-5,Lesson Resources,https://drive.google.com/file/d/1Ua89_hcYF7LEldfNzylPlJczwJddi0Bm/view?usp=share_link,Lesson Resource,4
scratch,unit-1,lesson-6,Lesson Plan,https://docs.google.com/document/d/1iiiqyGJGEgdOeONx2YSVmRgIJCgQEAJs2oH53FIKNMQ/edit?usp=share_link,Lesson Resource,1
scratch,unit-1,lesson-6,Slide Deck,https://docs.google.com/presentation/d/1vbmia_N8mP-AxpJj60CfyGWVr2DLWMhQ/edit?usp=share_link&ouid=108237580068016560674&rtpof=true&sd=true,Lesson Resource,2
scratch,unit-1,lesson-6,Student Workbook,https://docs.google.com/presentation/d/1PYOYuWMtk__PfP_-2kQSPKHZF5D0i0j-wU9ejpUVFfs/edit?usp=share_link,Lesson Resource,3
scratch,unit-1,lesson-6,Lesson Resources,https://drive.google.com/file/d/1NqQXsTIa8gQdz29bLP7-fcggT29jct4b/view?usp=share_link,Lesson Resource,4
scratch,unit-2,__unit__,Full Student Workbook,https://drive.google.com/file/d/147OwZnCR244wTIGSZ2V7hPSRNoyN_WfB/view?usp=share_link,Unit Resource,1
scratch,unit-2,__unit__,Lesson Plans,https://docs.google.com/document/d/1cqXWJ_lLkskzG4ZfplhVGeJFoA7e9s0jvBos_QNbzpY/edit?usp=sharing,Unit Resource,2
scratch,unit-2,lesson-1,Lesson Plan,https://docs.google.com/document/d/1418HiW27Okxl-yPow6qZsldwwK9orW7CYIX6ksZNQZI/edit?usp=share_link,Lesson Resource,1
scratch,unit-2,lesson-1,Slide Deck,https://docs.google.com/presentation/d/1bGkgjA5Ai3Q1l30SAcCipPYVA-qkS0LNZyhEys2L7a0/edit?usp=share_link,Lesson Resource,2
scratch,unit-2,lesson-1,Student Workbook,https://docs.google.com/presentation/d/1mmAZPd0PprWHmAcCwb5Zh8cLFglnCBtHjn-mBsXCqjY/edit?usp=share_link,Lesson Resource,3
scratch,unit-2,lesson-1,Lesson Resources,https://docs.google.com/document/d/12H4PqU0PaqVR9wGuSi3csGkNsafzAWwjyQdzP-LeOls/edit?usp=sharing,Lesson Resource,4
scratch,unit-2,lesson-2,Lesson Plan,https://docs.google.com/document/d/1rg7Txhj6D3DIV00LBIqsYFZHwlg35V9D8Lak1GXdlVs/edit?usp=share_link,Lesson Resource,1
scratch,unit-2,lesson-2,Slide Deck,https://docs.google.com/presentation/d/1XYs-bHj3Ql8hpilwtgawZNH_J4T8dGaQQafaNkvwUTc/edit?usp=share_link,Lesson Resource,2
scratch,unit-2,lesson-2,Student Workbook,https://docs.google.com/presentation/d/1TdHcyRITQ6dJ4Lb41sKYmFrwRSiFH73WUXwK5rNM9k4/edit?usp=share_link,Lesson Resource,3
scratch,unit-2,lesson-2,Lesson Resources,https://docs.google.com/document/d/1vD4AE7-WxfqmV65t0F93KJIms7VBMPhVMKf8oRP2eZ4/edit?usp=sharing,Lesson Resource,4
scratch,unit-2,lesson-3,Lesson Plan,https://docs.google.com/document/d/1XH-wNu26ONcr8W3pF3-0FpuYbJD0fcf1jvJMMGibhQs/edit?usp=share_link,Lesson Resource,1
scratch,unit-2,lesson-3,Slide Deck,https://docs.google.com/presentation/d/1GfzfF6AEawJxjNMxb0KdFC_YjLuJJ476PXXtnRJeMeI/edit?usp=share_link,Lesson Resource,2
scratch,unit-2,lesson-3,Student Workbook,https://docs.google.com/presentation/d/1UZzXFUfPMit5nkpkc2zatxjbKxOKb_d-JqfUvM_OzPc/edit?usp=share_link,Lesson Resource,3
scratch,unit-2,lesson-3,Lesson Resources,https://docs.google.com/document/d/1lmLgV_ZixgedrStooIA3Fam-J6MyZmhyhbZiPEk_eBQ/edit?usp=sharing,Lesson Resource,4
scratch,unit-2,lesson-4,Lesson Plan,https://docs.google.com/document/d/1hzOa4osWKm05xABk8K2t55W7CKFRuYsTXytJY_bWtpg/edit?usp=share_link,Lesson Resource,1
scratch,unit-2,lesson-4,Slide Deck,https://docs.google.com/presentation/d/1LubBkLyR_v44turFzWbbvaJHV-8K7GfEf7CpGc7MsNw/edit?usp=share_link,Lesson Resource,2
scratch,unit-2,lesson-4,Student Workbook,https://docs.google.com/presentation/d/1OrZxbz6fNTbV80WE_rARSYOSyuDNI95cqo6Pwb4pWw4/edit?usp=share_link,Lesson Resource,3
scratch,unit-2,lesson-5,Student Workbook,https://docs.google.com/presentation/d/1L-zYDil7oZ083E3I6NTDsxeSbObK_47hxydfHJJOPGU/edit?usp=sharing,Lesson Resource,1
scratch,unit-2,lesson-6,Lesson Plan,https://docs.google.com/document/d/1WE5BZIsRdOw4xxxTHm970LBTCJCWhakhT5vfrfj1BFg/edit?usp=sharing,Lesson Resource,1
scratch,unit-2,lesson-6,Slide Deck,https://docs.google.com/presentation/d/1qC260BZAWEeVoL-rNF0wkBTANkrUc3-hsQ4_5bq-Bsw/edit?usp=sharing,Lesson Resource,2
scratch,unit-2,lesson-6,Project Checklist,https://docs.google.com/presentation/d/1p0OtoOdUO-clOAIyGxIQ4Uihm57A5-tq1HMJCZdurd4/edit#slide=id.g2b361eb743e_0_0,Lesson Resource,3
scratch,unit-3,lesson-1,Lesson Plan,https://drive.google.com/file/d/1SIC0a9r4RmrZq2kKWGEfli_PYyXJnnlb/view?usp=share_link,Lesson Resource,1
scratch,unit-3,lesson-1,Slide Deck,https://docs.google.com/presentation/d/1UHwgP5Vphqc2JBKw7LandYfKMo-0Nasx87QbFvaem30/edit?usp=share_link,Lesson Resource,2
scratch,unit-3,lesson-1,Student Workbook,https://drive.google.com/file/d/1GjEv5Rw1vVl5vbpg6nuT-aiW3tOskQ4C/view?usp=share_link,Lesson Resource,3
scratch,unit-3,lesson-2,Lesson Plan,https://drive.google.com/file/d/1_uvIolTWh9kbzmKh03WfDBWiu0WGCTfX/view?usp=share_link,Lesson Resource,1
scratch,unit-3,lesson-2,Slide Deck,https://docs.google.com/presentation/d/19ZcgL5AfV_aEFPdIdfJr_-RStC4xFTTD7bt-x0yYtY0/edit?usp=share_link,Lesson Resource,2
scratch,unit-3,lesson-2,Student Workbook,https://drive.google.com/file/d/1cRAKm9t0jmpWvg1k0PRsbMpVpU_ZN8cf/view?usp=share_link,Lesson Resource,3
scratch,unit-3,lesson-3,Lesson Plan,https://drive.google.com/file/d/1yJ60ANSjEGIPltZf5pbvX_k_AfYrv04J/view?usp=share_link,Lesson Resource,1
scratch,unit-3,lesson-3,Slide Deck,https://docs.google.com/presentation/d/1wBRBShntRlKw5WrqLkRkQeCCHjAntLoh23B1TlGtdDU/edit?usp=share_link,Lesson Resource,2
scratch,unit-3,lesson-3,Student Workbook,https://drive.google.com/file/d/10ql-3gPGtnMmRrfp-Px_nwhbpm4xoCKl/view?usp=share_link,Lesson Resource,3
scratch,unit-3,lesson-3,Lesson Plan,https://drive.google.com/file/d/1_2PzMCURmwu7FqD0oj9wD-C8NpAFCnyV/view?usp=share_link,Lesson Resource,4
scratch,unit-3,lesson-3,Slide Deck,https://docs.google.com/presentation/d/1SWgy36Dnir0WqolfBvyEfO5AA3tj3vItn907aW5Yy5I/edit?usp=share_link,Lesson Resource,5
scratch,unit-3,lesson-3,Student Workbook,https://drive.google.com/file/d/1eCEJVQjni5WLLWyX1Vz-GiEaZB5Z4nly/view?usp=share_link,Lesson Resource,6
act4,unit-5b,lesson-1,Slide Deck,https://docs.google.com/presentation/d/1GwZRI1LsYfEQDKCo7UN2tc7JyKT2HN6UoinPd_m0Y9E/edit?usp=sharing,Lesson Resource,1
act4,unit-5b,lesson-2,Slide Deck,https://docs.google.com/presentation/d/1FVTI3XV5alQUmB1ZN2MJlBPuk0uXe21gkq2Wih2Bl58/edit?usp=sharing,Lesson Resource,1
ai_literacy,unit-1,lesson-1,Lesson Plan,https://docs.google.com/document/d/1iMsN_Xpaev1w9sgwHceGmHuYVGFzxZDr7KbsYK7wF6g/edit?tab=t.0,Lesson Resource,1
ai_literacy,unit-1,lesson-1,Lesson Slides,https://docs.google.com/presentation/d/1oyFcX4Itn5shHoHsESKCDQT9B2oxnomxQovK3887xAY/edit?slide=id.g3f82cceef66_2_2#slide=id.g3f82cceef66_2_2,Lesson Resource,2
